bhk,price,price_fmt,locality,developer,project,area_sqft,possession,nearest_railway,nearest_hospital,nearest_market,city
1,4794000,47.9 Lac,Panvel,Jindal Builder,Jindal Air which is a 2 years old construction,,mar '27,Mansarovar Railway Station,New City Hospital,Mahalaxmi Mall,Navi Mumbai
3,26624000,2.66 Cr,Kharghar,Paradise Group,,,dec '29,Pethpada Metro Station|5 minutes,Dolphin Hospital,Prime Mall,Navi Mumbai
3,27500000,2.75 Cr,Kharghar,Paradise Group,,,dec '29,Pethpada Metro Station|5 minutes,Kharghar Medicity Hospital,More Super Market,Navi Mumbai
3,21750000,2.17 Cr,Sector 19 Kharghar,Bhagwati Group,a well-connected area of Sector 19 Kharghar,,dec '26,,,,Navi Mumbai
3,29680000,2.96 Cr,Nerul,Shree Gowardhan CoOperative Housing Society Limited,,,jun '28,,Shushrusha Heart Care Center & Multi Speciality Hospital,Bluestone Seawoods Grand Central Mall,Navi Mumbai
3,33331000,3.33 Cr,Nerul,Jalan Group,,,dec '27,,Terna Speciality Hospital & Research Centre,Jewel of Navi Mumbai,Navi Mumbai
2,19760000,1.97 Cr,Ulwe,Surekha Tukaram Dudhe,,,mar '29,Kharkopar Railway Station,Balaji Hospital,,Navi Mumbai
2,8554000,85.5 Lac,Kharghar,Dreams Developers,a well-connected area of Kharghar,,dec '31,Pethpada Metro Station|5 minutes,Aayush Hospital,More Super Market,Navi Mumbai
2,19844000,1.98 Cr,Airoli,Jewel Construction,,,dec '26,Airoli Metro Station|5 minutes,Navi Mumbai Hospital,Ripplez Mall,Navi Mumbai
4,71112000,7.11 Cr,Juinagar,Raheja Universal Pvt. Ltd.,Raheja Atlantis 1,,dec '31,,,,Navi Mumbai
2,18313000,1.83 Cr,Kharghar,Paradise Group,,,dec '29,Pethpada Metro Station|5 minutes,Medicity Hospital,Little World Mall,Navi Mumbai
3,29078000,2.90 Cr,Kharghar,Paradise Group,,,dec '29,Pethpada Metro Station|5 minutes,Trudiagno,Glomax Mall,Navi Mumbai
2,3783000,37.8 Lac,Khopoli,Unimont Realty,Khopoli is available for purchase at price of ₹37,,aug '27,Khopoli Railway Station,,Alaina City Plaza,Navi Mumbai
2,26900000,2.69 Cr,Airoli to buy or invest in Navi Mumbai city,Jewel Construction,Superior Exotica,,dec '26,Airoli Metro Station|5 minutes,Apple Hospital,Siddhivinayak Shopping Complex,Navi Mumbai
4,30568000,3.05 Cr,Panvel,Hiranandani Communities,The Arena At Hiranandani Fortune City,,dec '30,Panvel Junction,Shreyas Multi-Speciality Hospital,Little World,Navi Mumbai
2,24768000,2.47 Cr,Nerul,Escaso Ventures,,,dec '29,,Terna Speciality Hospital & Research Centre,Jewel of Navi Mumbai,Navi Mumbai
2,6097000,61 Lac,Kharghar,Today Prachar Developers LLP,,,,Pethpada Metro Station|5 minutes,Aayush Hospital,Zudio,Navi Mumbai
4,44295000,4.42 Cr,Juinagar,Raheja Universal Pvt. Ltd.,Raheja Solaris Iii,,dec '28,,,,Navi Mumbai
3,35100000,3.51 Cr,Nerul,Varsha Group,Nerul is available for purchase at price of ₹3,,dec '28,,Terna Speciality Hospital & Research Centre,Jewel of Navi Mumbai,Navi Mumbai
3,18400000,1.84 Cr,New Panvel to buy or invest in Navi Mumbai city,Delta Group,Delta Prestige,,dec '29,Khandeshwar Railway Station,,Little World,Navi Mumbai
2,7627000,76.3 Lac,Panvel,The Wadhwa Group,,,dec '26,Panvel Railway Station,Ashtavinayak Hospital,Satya Siddhi Market,Navi Mumbai
2,19000000,1.90 Cr,Juinagar,Raheja Universal Pvt. Ltd.,,,dec '29,,,,Navi Mumbai
4,76404000,7.64 Cr,Seawoods,Gami Group and NMS Group ,,,mar '31,Seawoods - Darave,Neuron and Nexus Care,More Supermarket,Navi Mumbai
2,11485000,1.14 Cr,Panvel,Hiranandani Group,,,Dec '30,Kalamboli Railway Station,New City Hospital,Acwe Mall (Best Buy),Navi Mumbai
2,14093000,1.40 Cr,Juinagar,Newfound Properties and Leasing Private Limited,,,dec '31,,,,Navi Mumbai
2,22952000,2.29 Cr,Vashi,Arihant Superstructures Ltd.,,,dec '28,Vashi Railway Station,MGM Hospital,Timezone Inorbit Mall Vashi,Navi Mumbai
2,5157000,51.6 Lac,Pushpak Nagar,Admire Infra,,,dec '28,,,,Navi Mumbai
1,6724000,67.2 Lac,Taloja,Today Group,,,mar '32,Metro Station Taloja|5 minutes,Ayesha Hospital,Glomax Mall,Navi Mumbai
2,26500000,2.65 Cr,Seawoods,L & T Realty,,,jan '27,Seawoods - Darave,Neuron and Nexus Care,BB-NAVI MUMBAI-SEAWOOD,Navi Mumbai
3,19456000,1.94 Cr,Panvel,Raj Group,,,ready to move,Kalamboli Railway Station,Prachin Healthcare Multi-speciality Hospital,Ambeka Minimarket,Navi Mumbai
3,16052000,1.60 Cr,Airoli,Proviso Group,,,dec '29,Airoli Metro Station|5 minutes,Padmavati Hospital,Ripplez Mall,Navi Mumbai
3,11516000,1.15 Cr,Panvel,Olive Builders & Developers Pvt. Ltd.,,,dec '28,Panvel Railway Station,Ashtavinayak Hospital,Little World,Navi Mumbai
2,19844000,1.98 Cr,Kharghar,Satyam Ventures Private Limited,Kharghar is available for purchase at price of ₹1,,dec '28,Pethpada Metro Station|5 minutes,Rajgobind Nursing Home,Glomax Mall,Navi Mumbai
4,67306000,6.73 Cr,Nerul,Balaji Corporation,Balaji Delta Palm Beach,,jun '31,,Shushrusha Heart Care Center & Multi Speciality Hospital,Bluestone Seawoods Grand Central Mall,Navi Mumbai
2,16173000,1.61 Cr,Panvel,Paradise Group,,,dec '29,Panvel Railway Station,Ashtavinayak Hospital,Mahalaxmi Mall,Navi Mumbai
3,42670000,4.26 Cr,Seawoods,Gami Group and NMS Group ,,,mar '31,Seawoods Darawe Railway Station,Neuron and Nexus Care,More Supermarket,Navi Mumbai
1,3597620,36 Lac,Dronagiri,Pramukh Associates,,,ready to move,,,Glomax Shopping Center,Navi Mumbai
3,16600000,1.66 Cr,Panvel,Hiranandani Communities,Hiranandani Golden Willows,,dec '31,Panvel Junction,Panacea Hospital,Acwe Mall (Best Buy),Navi Mumbai
2,12600000,1.26 Cr,Panvel,Embassy Group,Panvel,887.0,mar '27,Mansarovar Railway Station,Panacea Hospital,Satya Siddhi Market,Navi Mumbai
2,18000000,1.80 Cr,Ghansoli,Infinity Infra,Infinity Leaf Mount,,dec '29,Ghansoli Railway Station,Lakshmi Hospital,Star Market,Navi Mumbai
3,36900000,3.69 Cr,Airoli,Superior Navkar Builders,,,jan '30,Airoli Metro Station|5 minutes,Apple Hospital,Ripplez Mall,Navi Mumbai
2,4545000,45.5 Lac,Taloja,Lodha Developers Limited,,,ready to move,Metro Station Taloja|5 minutes,Ayesha Hospital,,Navi Mumbai
2,9800000,98 Lac,Panvel to buy or invest in Navi Mumbai city,Marathon Realty Pvt. Ltd.,,,dec '29,Mansarovar Railway Station,Prachin Healthcare Multi-speciality Hospital,Little World,Navi Mumbai
3,32900000,3.29 Cr,Airoli,Delta Realty,Delta Icon,1350.0,ready to move,Airoli Metro Station|5 minutes,Dhanvantari Hospital,DMart Ready,Navi Mumbai
2,9700000,97 Lac,Panvel,La Mer Developers,,663.0,Mar '27,Panvel Junction,Prachin Healthcare Multi-speciality Hospital,Acwe Mall (Best Buy),Navi Mumbai
2,8800000,88 Lac,Kharghar,Tharwani Realty,,750.0,Sep '26,Pethpada Metro Station|5 minutes,Rajgobind Nursing Home,Zudio,Navi Mumbai
3,33500000,3.35 Cr,Ghansoli,Aurum RealEstate Developers Limited,,1350.0,ready to move,Ghansoli Railway Station,Aviva Hospital,DMart,Navi Mumbai
3,24499000,2.44 Cr,Airoli,Bhagwati Group Delta Group and Pyramid Group,,1066.0,Jun '30,Airoli Metro Station|5 minutes,Mody Hospital,Siddhivinayak Shopping Complex,Navi Mumbai
1,7900000,79 Lac,Kharghar,Satyam Developers,Kharghar is available at the price of ₹79 Lac,424.0,Dec '26,Pethpada Metro Station|5 minutes,Medicity Hospital,Zudio,Navi Mumbai
2,18800000,1.88 Cr,Ghansoli,Alliaance Realty,,,Dec '29,Ghansoli Railway Station,Lakshmi Multi Speciality Hospital,DMart,Navi Mumbai
2,12300000,1.23 Cr,Sector 37 Kharghar,Gajra Developers Ltd,,795.0,Mar '28,,Sri Satya Sai Sanjeevani Hospital,,Navi Mumbai
2,16100000,1.61 Cr,Sector 12 Nerul,Kamdhenu Realities,,677.0,Dec '28,,,,Navi Mumbai
2,19000000,1.90 Cr,Juinagar West,Raheja Universal Pvt. Ltd.,Juinagar West is available for purchase at price of ₹1,725.0,Dec '30,,,,Navi Mumbai
1,4300000,43 Lac,Ulwe,JBD Group,a well-connected area of Ulwe,,ready to move,Bamandongri Railway Station,Balaji Hospital,,Navi Mumbai
2,5500190,55 Lac,total 578 sqft,Om Sai Ram Developers,,,Nov '26,,,,Navi Mumbai
2,17818000,1.78 Cr,total 729 sqft,Juhi Developers,,,Dec '28,,Credence Care Hospital,,Navi Mumbai
3,36400000,3.64 Cr,Kharghar,Godrej Properties,a well-connected area of Kharghar,1271.0,Jun '31,Pethpada Metro Station|5 minutes,Aayush Hospital,Glomax Mall,Navi Mumbai
3,25255400,2.52 Cr,Panvel,Hiranandani Communities,,1282.0,Dec '30,Kalamboli Railway Station,Shreyas Multi-Speciality Hospital,Miraj Cinema,Navi Mumbai
4,42500000,4.25 Cr,Panvel,Hiranandani Group,,2300.0,,Khandeshwar Railway Station,Shreyas Multi-Speciality Hospital,"Orion Mall,",Navi Mumbai
1,6100000,61 Lac,Roadpali,Sai Developers,,400.0,,,,,Navi Mumbai
2,5999000,60 Lac,Kharghar,Rudra Infraworld Llp,,,dec '30,Pethpada Metro Station|9 minutes,Kharghar Medicity Hospital,Glomax Mall,Navi Mumbai
3,29500000,2.95 Cr,Nerul,Moreshwar Developers,,,,,Shushrusha Heart Care Center & Multi Speciality Hospital,Bluestone Seawoods Grand Central Mall,Navi Mumbai
2,8500000,85 Lac,Dronagiri,Gami Group,,,dec '27,,,Glomax Shopping Center,Navi Mumbai
3,17188000,1.71 Cr,Kharghar,Satyam Infra Realty LLP,,,nov '29,Pethpada Metro Station|5 minutes,Om Navjeevan Hospital,Glomax Mall,Navi Mumbai
2,12000000,1.20 Cr,Kharghar,Naman Home makers Pvt. Ltd.,,720.0,ready to move,Pethpada Metro Station|10 minutes,Trudiagno,Little World Mall,Navi Mumbai
3,35000000,3.50 Cr,Ghansoli,Bhagwati Group,,1100.0,ready to move,Ghansoli Railway Station,Credence Care Hospital,Star Market,Navi Mumbai
3,15000000,1.50 Cr,Panvel,Indiabulls Greens,,1216.0,ready to move,Mansarovar Railway Station,Shreyas Multi-Speciality Hospital,Mahalaxmi Mall,Navi Mumbai
3,27500000,2.75 Cr,Sector 26 Vashi to buy or invest in Navi Mumbai city,Arihant Group,,1100.0,ready to move,,,,Navi Mumbai
2,9000000,90 Lac,Dronagiri,Akshar Group,,850.0,ready to move,,,Glomax Shopping Center,Navi Mumbai
3,25000000,2.50 Cr,Airoli,Bhagwati Group Delta Group and Pyramid Group,,1066.0,Dec '29,Airoli Metro Station|5 minutes,Mody Hospital,DMart Ready,Navi Mumbai
2,4950000,49.5 Lac,Panvel,Indiabulls Real Estate Ltd.,,544.0,ready to move,"Shree Saibaba Mandir, Nr.Panvel Railway Station.",Ashtavinayak Hospital,Acwe Mall (Best Buy),Navi Mumbai
2,4750000,47.5 Lac,Taloja,Lodha Developers Limited,Taloja is available at the price of ₹47,471.0,ready to move,Metro Station Taloja|5 minutes,Ayesha Hospital,,Navi Mumbai
1,4000000,40 Lac,Panvel,Indiabulls Greens,Panvel is available for purchase at price of ₹40 Lac,466.0,ready to move,Kalamboli Railway Station,Panacea Hospital,Orion Mall,Navi Mumbai
3,8500000,85 Lac,Vichumbe,Cooperative Group Housing Society,,,ready to move,,,,Navi Mumbai
2,15000000,1.50 Cr,Sector 20 Ulwe,Platinum Group,Sector 20 Ulwe is available for purchase at price of ₹1,790.0,Mar '27,,,,Navi Mumbai
1,7500000,75 Lac,Panvel,Godrej Properties,Panvel is available at the price of ₹75 Lac,,ready to move,Panvel Railway Station,New City Hospital,Orion Mall,Navi Mumbai
2,17500000,1.75 Cr,Kopar Khairane,Satyam Superstructures Private Limited,,750.0,May '27,Kopar Khairane Railway Station,Mahavir Hospital,DMart,Navi Mumbai
4,54500000,5.45 Cr,Nerul,L & T Realty,L And T Realty Seawoods West Manor Tower A And B,1590.0,ready to move,,Terna Speciality Hospital & Research Centre,Bluestone Seawoods Grand Central Mall,Navi Mumbai
2,5500000,55 Lac,Taloja Phase 2,Yashodeep Buildcon,,,Dec '26,,,,Navi Mumbai
3,19500912,1.95 Cr,New Panvel,Hiranandani Group,New Panvel is available for purchase at price of ₹1,,Dec '31,Khandeshwar Railway Station,,Apna Cinema,Navi Mumbai
1,2700000,27 Lac,Ulwe,Dolphin Group,,,ready to move,Kharkopar Railway Station,Balaji Hospital,,Navi Mumbai
2,8900000,89 Lac,Palaspe Phata,The Wadhwa Group,,606.0,ready to move,,New City Hospital,,Navi Mumbai
1,4200000,42 Lac,Karanjade,Today Royal Group & KD Corp,,,ready to move,,,,Navi Mumbai
3,17500000,1.75 Cr,Kamothe,Sri Triveni Pvt. Ltd.,Kamothe,,ready to move,,B&J Super Speciality Hospital,Mahalaxmi Mall,Navi Mumbai
2,14000000,1.40 Cr,Kharghar,Adhiraj Constructions Pvt. Ltd.,,,ready to move,Pethpada Metro Station|5 minutes,Dolphin Hospital,Glomax Mall,Navi Mumbai
3,17000000,1.70 Cr,Kharghar,Arihant Superstructures Ltd.,,938.0,Feb '27,Pethpada Metro Station|5 minutes,Ariella Hospital,Prime Mall,Navi Mumbai
2,8100000,81 Lac,Dronagiri,Orange Realty,,600.0,ready to move,,,Glomax Shopping Center,Navi Mumbai
3,24900000,2.49 Cr,Panvel,Hiranandani Group,,1482.0,ready to move,Kalamboli Railway Station,Shreyas Multi-Speciality Hospital,K Mall,Navi Mumbai
2,3500000,35 Lac,Panvel,Qualcon Properties LLP,,452.0,ready to move,Kalamboli Railway Station,New City Hospital,Mahalaxmi Mall,Navi Mumbai
3,62500000,6.25 Cr,Palm Beach Road,The Wadhwa Group,,944.0,ready to move,,PKC Hospital,Central One,Navi Mumbai
1,5200000,52 Lac,Panvel,The Wadhwa Group,,391.0,ready to move,Mansarovar Railway Station,Shreyas Multi-Speciality Hospital,Miraj Cinema,Navi Mumbai
2,4400004,44 Lac,New Panvel,Space India,,,ready to move,Khandeshwar Railway Station,,Little World,Navi Mumbai
1,3000000,30 Lac,Khopoli,Arihant Superstructures Ltd,,,ready to move,Khopoli Railway Station,,Alaina City Plaza,Navi Mumbai
3,42500000,4.25 Cr,CBD Belapur,Lakhani,,,ready to move,C.B.D Belapur Railway Station (East)|5 minutes,Apollo Hospitals,Kalpataru Shopping Complex,Navi Mumbai
1,5700000,57 Lac,Ulwe,Mangalmurti Developers,,,ready to move,Kharkopar Railway Station,Balaji Hospital,,Navi Mumbai
2,10500000,1.05 Cr,Ulwe,Shiv Parvati Developers,Ulwe,,ready to move,Gavhan Phata,Balaji Hospital,,Navi Mumbai
2,6990000,69.9 Lac,Shivkar,Today Global Builders & Developers,Shivkar is available at the price of ₹69,,ready to move,,,,Navi Mumbai
3,48000000,4.80 Cr,Nerul,Mistri Construction,Nerul is available for purchase at price of ₹4,1320.0,Dec '28,,Shushrusha Heart Care Center & Multi Speciality Hospital,Bluestone Seawoods Grand Central Mall,Navi Mumbai
2,3600000,36 Lac,Panvel,Prayag Builders and Developers,,,ready to move,"Shree Saibaba Mandir, Nr.Panvel Railway Station.",New City Hospital,K Mall,Navi Mumbai
3,24000000,2.40 Cr,Sector 19 Kharghar,Bhagwati Group,,,ready to move,,,,Navi Mumbai
1,6500000,65 Lac,Panvel,Marathon Realty Pvt. Ltd.,Panvel is available at the price of ₹65 Lac,,ready to move,Panvel Railway Station,Ashtavinayak Hospital,Mahalaxmi Mall,Navi Mumbai
3,100000000,10 Cr,Seawoods,Cidco,,,ready to move,Seawoods - Darave,Neuron and Nexus Care,BB-NAVI MUMBAI-SEAWOOD,Navi Mumbai
1,7200000,72 Lac,Panvel,Hiranandani Group,,,ready to move,Panvel Junction,New City Hospital,Satya Siddhi Market,Navi Mumbai
1,5100000,51 Lac,Panvel,Hiranandani Group,,520.0,ready to move,Panvel Junction,Ashtavinayak Hospital,Ambeka Minimarket,Navi Mumbai
2,11000000,1.10 Cr,Kopar Khairane,Eveready Builders,,700.0,ready to move,Koparkhairane Railway Station,Tasneem Hospital,Balaji Movieplex,Navi Mumbai
2,15000000,1.50 Cr,Kharghar,Arihant Superstructures Ltd.,,,ready to move,Pethpada Metro Station|5 minutes,Dolphin Hospital,More Super Market,Navi Mumbai
1,4700000,47 Lac,Kharghar,Cooperative Group Housing Society,,,ready to move,Pethpada Metro Station|5 minutes,Aayush Hospital,Little World Mall,Navi Mumbai
2,17000000,1.70 Cr,Kharghar,Shree Balaji Developers,,,ready to move,Pethpada Metro Station|5 minutes,Kharghar Medicity Hospital,Prime Mall,Navi Mumbai
2,17500000,1.75 Cr,Kharghar,PARADISE GROUP BUILDERS & DEVELOPERS,Kharghar,,ready to move,Pethpada Metro Station|5 minutes,Nimisha Superspeciality Hospital,Little World Mall,Navi Mumbai
1,5600000,56 Lac,Panvel,The Wadhwa Group,a well-connected area of Panvel,,ready to move,Mansarovar Railway Station,Panacea Hospital,"Orion Mall,",Navi Mumbai
3,35000000,3.50 Cr,Sanpada,Gajra Developers Ltd,,,ready to move,Sanpada Railway Station,MPCT Hospital,Best Event Organiser In Navi Mumbai : Ask The Event Associates,Navi Mumbai
3,12500000,1.25 Cr,Marathon Nexzone,Marathon Realty Pvt. Ltd.,,950.0,ready to move,,,,Navi Mumbai
3,39100000,3.91 Cr,Nerul,The Wadhwa Group,,980.0,ready to move,,Shushrusha Heart Care Center & Multi Speciality Hospital,Jewel of Navi Mumbai,Navi Mumbai
3,13500000,1.35 Cr,Panvel,Godrej Properties,,,ready to move,"Shree Saibaba Mandir, Nr.Panvel Railway Station.",Prachin Healthcare Multi-speciality Hospital,Satya Siddhi Market,Navi Mumbai
1,6300000,63 Lac,Ulwe,Lakhani Builders Pvt. Ltd.,,342.0,ready to move,Gavhan Phata,Balaji Hospital,,Navi Mumbai
2,23127500,2.31 Cr,Nerul,Escaso Ventures,Escaso Platinum Sicily,,Dec '28,,Terna Speciality Hospital & Research Centre,Jewel of Navi Mumbai,Navi Mumbai
2,12000000,1.20 Cr,Ulwe,Pratik Construction,Pratik Residency which is a 9 years old construction,,ready to move,Gavhan Phata,Balaji Hospital,,Navi Mumbai
3,37500000,3.75 Cr,Sector 19 Vashi,Nest Builders,Goodwill Wisteria which is a 3 years old construction,,Dec '27,,Mayuresh Hospital,,Navi Mumbai
2,9000000,90 Lac,Shedung,The Wadhwa Group,,534.0,ready to move,,,,Navi Mumbai
2,19500000,1.95 Cr,Digha,Akshar Group,,760.0,ready to move,,Sai Multispeciality Hospital,,Navi Mumbai
1,4100000,41 Lac,Dronagiri,Akshar Group,,,ready to move,,,Glomax Shopping Center,Navi Mumbai
5,77500000,7.75 Cr,Palm Beach Road,B G Shirke Group of Companies,,1900.0,ready to move,,PKC Hospital,Vijaylaxmi Super Market,Navi Mumbai
2,20517500,2.05 Cr,Belpada,Godrej Properties,Belpada is available for purchase at price of ₹2,,Dec '30,,,,Navi Mumbai
2,10500000,1.05 Cr,Karanjade,Elegant Enterprises,,,ready to move,,,,Navi Mumbai
2,11200000,1.12 Cr,Panvel,Kalpataru Ltd.,Kalpataru Park Riviera,,,Mansarovar Railway Station,Ashtavinayak Hospital,Ambeka Minimarket,Navi Mumbai
3,18500000,1.85 Cr,Roadpali,Platinum Group Builders,a well-connected area of Roadpali,1225.0,ready to move,,,,Navi Mumbai
2,19035000,1.90 Cr,Juinagar,Raheja Universal Pvt. Ltd.,a well-connected area of Juinagar,725.0,Dec '30,,,,Navi Mumbai
2,4800000,48 Lac,Devad,Space India,,534.0,ready to move,,,,Navi Mumbai
3,14500000,1.45 Cr,Sector 17 Ulwe,Proviso Group,,1150.0,ready to move,,,,Navi Mumbai
2,16600000,1.66 Cr,Kharghar,Ashoka Builders,,,ready to move,Pethpada Metro Station|5 minutes,Nimisha Superspeciality Hospital,Prime Mall,Navi Mumbai
2,13200000,1.32 Cr,Ulwe,Shree Chamunda Realtors,Ulwe is available at the price of ₹1,791.0,ready to move,Kharkopar Railway Station,Balaji Hospital,,Navi Mumbai
2,23500000,2.35 Cr,Ulwe,Bhagwati Group,,,ready to move,Bamandongri Railway Station,Balaji Hospital,,Navi Mumbai
1,4200000,42 Lac,Ghot,Arihant Superstructures Ltd.,,487.0,ready to move,,,,Navi Mumbai
3,16700000,1.67 Cr,Panvel,Indiabulls Greens,,,ready to move,Panvel Railway Station,Panacea Hospital,Orion Mall,Navi Mumbai
2,14000000,1.40 Cr,New Panvel,Hiranandani Group,New Panvel is available for purchase at price of ₹1,908.0,ready to move,Khandeshwar Railway Station,,Apna Cinema,Navi Mumbai
3,42000000,4.20 Cr,Nerul East,Moreshwar Developers,Nerul East,1320.0,ready to move,,,,Navi Mumbai
2,18500000,1.85 Cr,Kharghar,Asian Buildcon,,,ready to move,Pethpada Metro Station|5 minutes,Ariella Hospital,Glomax Mall,Navi Mumbai
3,27000000,2.70 Cr,Palaspe Phata,Paradise Group,,1300.0,ready to move,,New City Hospital,,Navi Mumbai
2,5000000,50 Lac,Ghot,Arihant Superstructures Ltd.,a well-connected area of Ghot,685.0,ready to move,,,,Navi Mumbai
1,6200000,62 Lac,total 725 sqft,Srishti Developers,Srishti Paradise which is a 14 years old construction,,ready to move,Gavhan Phata,Balaji Hospital,,Navi Mumbai
2,30000000,3 Cr,Kharghar,Balaji Group,,,ready to move,Pethpada Metro Station|5 minutes,Aayush Hospital,More Super Market,Navi Mumbai
1,5400000,54 Lac,Panvel,The Wadhwa Group,,400.0,ready to move,"Shree Saibaba Mandir, Nr.Panvel Railway Station.",Shreyas Multi-Speciality Hospital,Mahalaxmi Mall,Navi Mumbai
1,3600000,36 Lac,Panvel,Disha Bright Space Pvt. Ltd.,,,ready to move,Panvel Junction,New City Hospital,Satya Siddhi Market,Navi Mumbai
2,7600000,76 Lac,New Panvel,Indiabulls Greens,,,ready to move,Khandeshwar Railway Station,,Little World,Navi Mumbai
2,9800000,98 Lac,630 sqft,Aristo Developers,a well-connected area of Sector 18-Khargar,,ready to move,,Trudiagno,,Navi Mumbai
3,20000000,2 Cr,Kharghar,Galaxy Group,,,ready to move,Pethpada Metro Station|5 minutes,Rajgobind Nursing Home,Glomax Mall,Navi Mumbai
2,16000000,1.60 Cr,total 1025 sqft,Asian Buildcon,Mita Heights,,ready to move,,Rajgobind Nursing Home,,Navi Mumbai
2,15500000,1.55 Cr,Sector 19 Kharghar,Punit Reality,,,Jul '27,,,,Navi Mumbai
2,22700000,2.27 Cr,Nerul,TPV Vishwakarma Group,,,dec '28,,Terna Speciality Hospital & Research Centre,Jewel of Navi Mumbai,Navi Mumbai
2,4500000,45 Lac,New Panvel,Space India,,,ready to move,Khandeshwar Railway Station,,Apna Cinema,Navi Mumbai
2,11000000,1.10 Cr,Ulwe,Reliable Builders,Ulwe,,ready to move,Bamandongri Railway Station,Balaji Hospital,,Navi Mumbai
2,12100000,1.21 Cr,Ulwe,Pratik Construction,,,ready to move,Kharkopar Railway Station,Balaji Hospital,,Navi Mumbai
3,26500000,2.65 Cr,Sector 18 Ulwe,Cooperative Group Housing Society,,,ready to move,,,,Navi Mumbai
1,6123000,61.2 Lac,Khar Kopar,Serene Lifespaces,,,ready to move,,,,Navi Mumbai
2,18000000,1.80 Cr,Juinagar,Raheja Universal Pvt. Ltd.,,,Dec '29,,,,Navi Mumbai
1,4150000,41.5 Lac,Taloja,Qualitas Naman Group,Qn Greens which is a 9 years old construction,,ready to move,Metro Station Taloja|5 minutes,Ayesha Hospital,,Navi Mumbai
2,15544500,1.55 Cr,Sector 11 Kharghar,Infinity Infra,a well-connected area of Sector 11 Kharghar,810.0,Dec '26,,,,Navi Mumbai
3,18000000,1.80 Cr,Ulwe,National Builders,Ulwe is available for purchase at price of ₹1,,ready to move,Kharkopar Railway Station,Balaji Hospital,,Navi Mumbai
3,17500000,1.75 Cr,Sector 19 Ulwe,Neelsidhi Group,Neelsidhi Vista,1100.0,ready to move,,,,Navi Mumbai
1,3500000,35 Lac,Sector 8 Ulwe,Platinum Construction,,237.0,ready to move,,,,Navi Mumbai
2,7500000,75 Lac,Panvel,Marathon Realty Pvt. Ltd.,,,ready to move,Panvel Railway Station,Shreyas Multi-Speciality Hospital,Miraj Cinema,Navi Mumbai
2,12000000,1.20 Cr,Kopar Khairane,Marvel Developer,,600.0,ready to move,Kopar Khairane Railway Station,Apex Multispeciality Hospital,Balaji Movieplex,Navi Mumbai
2,23000000,2.30 Cr,Juhu Nagar,EV Group,,,ready to move,,,,Navi Mumbai
2,4400000,44 Lac,New Panvel,Space India,Pushpanarayan Complex,550.0,ready to move,Khandeshwar Railway Station,,Little World,Navi Mumbai
1,9000000,90 Lac,Vashi,Baba Homes Builders And Developers,,,ready to move,Vashi Railway Station,Mayuresh Hospital,Inorbit Mall,Navi Mumbai
3,20000000,2 Cr,Panvel,Paradise Group,Panvel is available at the price of ₹2 Cr,862.0,ready to move,Mansarovar Railway Station,Ashtavinayak Hospital,Orion Mall,Navi Mumbai
3,42500000,4.25 Cr,Nerul,L&T Realty,L&t Seawoods Residences which is a 7 years old construction,,ready to move,,Terna Speciality Hospital & Research Centre,Jewel of Navi Mumbai,Navi Mumbai
3,10000000,1 Cr,Roadpali,GIRIRAJ DEVELOPERS,,1134.0,ready to move,,,,Navi Mumbai
1,6100000,61 Lac,Kamothe,Platinum Group,Kamothe is available for purchase at price of ₹61 Lac,475.0,ready to move,,B&J Super Speciality Hospital,Mahalaxmi Mall,Navi Mumbai
1,7200000,72 Lac,Kamothe,Platinum Group,Kamothe is available for purchase at price of ₹72 Lac,486.0,ready to move,,B&J Super Speciality Hospital,Mahalaxmi Mall,Navi Mumbai
2,14000000,1.40 Cr,Sector 10 Kharghar,Kesar Group,,875.0,ready to move,,,,Navi Mumbai
2,19000000,1.90 Cr,Airoli,Gazara Group,Bhoomi Colossa,889.0,ready to move,Airoli Metro Station|5 minutes,Rajmata Jijau Hospital,Ripplez Mall,Navi Mumbai
3,21000000,2.10 Cr,Panvel,Hiranandani Group,,1397.0,ready to move,"Shree Saibaba Mandir, Nr.Panvel Railway Station.",New City Hospital,Little World,Navi Mumbai
3,12500000,1.25 Cr,Kopar Khairane,Cooperative Group Housing Society,Ganga Sagar Chs,720.0,ready to move,Kopar Khairane Railway Station,Palm Beach Hospital,Balaji Movieplex,Navi Mumbai
2,14500000,1.45 Cr,Vashi,Cooperative Group Housing Society,,,ready to move,Vashi Railway Station,Dr Ruchi Dentique,Palm Beach Galleria Mall,Navi Mumbai
1,6800000,68 Lac,Nerul,Cooperative Group Housing Society,,288.0,ready to move,,Shushrusha Heart Care Center & Multi Speciality Hospital,Jewel of Navi Mumbai,Navi Mumbai
1,2200000,22 Lac,Taloja,Qualitas Naman Group,,,ready to move,Metro Station Taloja|5 minutes,Ayesha Hospital,,Navi Mumbai
1,11500000,1.15 Cr,Ghansoli,Aurum Platz IT Pvt Ltd,,,,Ghansoli Railway Station,Credence Care Hospital,Star Market,Navi Mumbai
2,9600000,96 Lac,706 sqft,JHV Construction Company Pvt. Ltd.,,,ready to move,Kharkopar Railway Station,Balaji Hospital,,Navi Mumbai
1,2600000,26 Lac,New Panvel,GrowHomes,,454.0,ready to move,Khandeshwar Railway Station,,Apna Cinema,Navi Mumbai
1,2000000,20 Lac,Panvel,Monarch Properties,Krishna Park which is a 15 years old construction,365.0,ready to move,Khandeshwar Railway Station,Ashtavinayak Hospital,Miraj Cinema,Navi Mumbai
1,3800000,38 Lac,Kharghar,Paradise Group,,518.0,ready to move,Pethpada Metro Station|5 minutes,Trudiagno,Glomax Mall,Navi Mumbai
2,6200000,62 Lac,Ulwe,Advance Groups,Ulwe is available for purchase at price of ₹62 Lac,,ready to move,Bamandongri Railway Station,Balaji Hospital,,Navi Mumbai
1,5500000,55 Lac,Kharghar,Rushi Construction,,482.0,ready to move,Pethpada Metro Station|5 minutes,VAMC Hospital,More Super Market,Navi Mumbai
1,2500000,25 Lac,Navade,Shree Hari Groups,,310.0,ready to move,,,,Navi Mumbai
2,9000000,90 Lac,Sector 5 Ulwe,Mangalmurti Developers,Vaishnovi Heights,792.0,ready to move,,,,Navi Mumbai
1,6600000,66 Lac,Ghansoli,SK Builders,,,ready to move,Ghansoli Railway Station,Sadguru Hospital,Star Market,Navi Mumbai
2,14600000,1.46 Cr,Kharghar,Goodwill Construction,Kharghar,901.0,ready to move,Pethpada Metro Station|5 minutes,Dolphin Hospital,More Super Market,Navi Mumbai
1,5040000,50.4 Lac,Panvel,Marathon Realty Pvt. Ltd.,,,dec '29,"Shree Saibaba Mandir, Nr.Panvel Railway Station.",Panacea Hospital,Ambeka Minimarket,Navi Mumbai
1,5500000,55 Lac,Sector 18 Ulwe,Sankalp Group,Sector 18 Ulwe,,ready to move,,,,Navi Mumbai
2,18500000,1.85 Cr,Nerul,Bhagwati Group,,,ready to move,,Shushrusha Heart Care Center & Multi Speciality Hospital,Bluestone Seawoods Grand Central Mall,Navi Mumbai
4,85000000,8.50 Cr,Nerul,Maithili Group,Emerald Bay which is a 12 years old construction,,ready to move,,Terna Speciality Hospital & Research Centre,Bluestone Seawoods Grand Central Mall,Navi Mumbai
2,10000000,1 Cr,Ulwe,Progressive Group,,,ready to move,Bamandongri Railway Station,Balaji Hospital,,Navi Mumbai
4,80000000,8 Cr,Nerul,Maithili Group,,,ready to move,,Terna Speciality Hospital & Research Centre,Jewel of Navi Mumbai,Navi Mumbai
2,14500000,1.45 Cr,Sanpada,Goodwill Developers,Sanpada is available for purchase at price of ₹1,,,Sanpada Railway Station,MPCT Hospital,D-Mart Juinagar,Navi Mumbai
1,3750000,37.5 Lac,Karanjade,Sankalp Realty,,,,,,,Navi Mumbai
2,12600000,1.26 Cr,Kharghar,Bhagwati Group,Bhagwati Greens 3 which is a 9 years old construction,,,Pethpada Metro Station|5 minutes,Sri Satya Sai Sanjeevani Hospital,Little World Mall,Navi Mumbai
2,13500000,1.35 Cr,Kharghar,Bhagwati Group,,,ready to move,Pethpada Metro Station|5 minutes,Medicity Hospital,Zudio,Navi Mumbai
1,6300000,63 Lac,Sanpada,Shree Developers,Sanpada is available at the price of ₹63 Lac,324.0,ready to move,Sanpada Railway Station,MPCT Hospital,D-Mart Juinagar,Navi Mumbai
1,5500000,55 Lac,Roadpali,Proviso Group,,526.0,,,,,Navi Mumbai
3,13500000,1.35 Cr,Kharghar,Adhiraj Constructions Pvt. Ltd.,,1224.0,,Pethpada Metro Station|5 minutes,Kharghar Medicity Hospital,Glomax Mall,Navi Mumbai
1,4500000,45 Lac,324 sqft,Cidco,,,ready to move,,,,Navi Mumbai
2,10000000,1 Cr,Kopar Khairane,Cooperative Group Housing Society,,540.0,ready to move,Kopar Khairane Railway Station,Dr Alayan Multispeciality Hospital,DMart,Navi Mumbai
2,21000000,2.10 Cr,Sanpada,Satyam Developers,,648.0,ready to move,Juinagar Railway Station,MPCT Hospital,Best Event Organiser In Navi Mumbai : Ask The Event Associates,Navi Mumbai
2,6500000,65 Lac,Taloja,Arihant Superstructures Ltd,,,ready to move,Metro Station Taloja|5 minutes,Ayesha Hospital,,Navi Mumbai
3,16000000,1.60 Cr,Kharghar,Kesar Group,Kharghar is available at the price of ₹1,,ready to move,Pethpada Metro Station|5 minutes,Kharghar Medicity Hospital,Little World Mall,Navi Mumbai
2,9000000,90 Lac,Palaspe Phata,Marathon Realty Pvt. Ltd.,,,ready to move,,New City Hospital,,Navi Mumbai
2,11000000,1.10 Cr,Kharghar,Haware Engineers & Builders Pvt Ltd,,,ready to move,Pethpada Metro Station|5 minutes,Sri Satya Sai Sanjeevani Hospital,Little World Mall,Navi Mumbai
1,4500000,45 Lac,Dronagiri,Ganesha Construction,,410.0,ready to move,,,Glomax Shopping Center,Navi Mumbai
2,4100000,41 Lac,Rasayani,Akshar Developers,,500.0,ready to move,Rasayani Train Station,,The Seawoods Mall,Navi Mumbai
3,29900000,2.99 Cr,Ghansoli,Atlantis,,,ready to move,Ghansoli Railway Station,Lakshmi Multi Speciality Hospital,Star Market,Navi Mumbai
3,13500000,1.35 Cr,Taloja,Gami Group,,,ready to move,Metro Station Taloja|5 minutes,Ayesha Hospital,,Navi Mumbai
2,6500000,65 Lac,Panvel,Marathon Realty Pvt. Ltd.,a well-connected area of Panvel,590.0,ready to move,"Shree Saibaba Mandir, Nr.Panvel Railway Station.",Shreyas Multi-Speciality Hospital,Acwe Mall (Best Buy),Navi Mumbai
2,6200000,62 Lac,Panvel,Marathon Realty Pvt. Ltd.,,587.0,ready to move,Mansarovar Railway Station,Shreyas Multi-Speciality Hospital,Little World,Navi Mumbai
2,12000000,1.20 Cr,Sector 6 Kamothe,Tharwani Construction Pvt. Ltd.,,,ready to move,,,,Navi Mumbai
1,5000000,50 Lac,Panvel,Indiabulls Greens,Panvel is available for purchase at price of ₹50 Lac,,ready to move,Panvel Railway Station,Shreyas Multi-Speciality Hospital,Acwe Mall (Best Buy),Navi Mumbai
2,8700000,87 Lac,Dronagiri,Kamdhenu Realities,,,ready to move,,,Glomax Shopping Center,Navi Mumbai
2,8500000,85 Lac,846 sqft,Vishwa Green Realtors Pvt. Ltd.,Sector 23 Ulwe is available at the price of ₹85 Lac,,ready to move,,,,Navi Mumbai
2,4500000,45 Lac,Panvel,Indiabulls Greens,,583.0,,Kalamboli Railway Station,Shreyas Multi-Speciality Hospital,Orion Mall,Navi Mumbai
2,6000000,60 Lac,Panvel,Indiabulls Greens,,,ready to move,Kalamboli Railway Station,Prachin Healthcare Multi-speciality Hospital,Mahalaxmi Mall,Navi Mumbai
3,45000000,4.50 Cr,Seawoods,Cidco,Seawoods,1584.0,ready to move,"Trends - Seawoods Grand Central Mall , Sector - 40 , Seawoods Railway Station.",Neuron and Nexus Care,BB-NAVI MUMBAI-SEAWOOD,Navi Mumbai
2,15000000,1.50 Cr,Ghansoli,Chamunda Infrastructure Pvt. Ltd.,,821.0,ready to move,Ghansoli Railway Station,Lakshmi Hospital,DMart,Navi Mumbai
2,10500000,1.05 Cr,Ghansoli,Krishna Developers,,817.0,ready to move,Ghansoli Railway Station,Aviva Hospital,DMart,Navi Mumbai
1,2950000,29.5 Lac,Kharghar,Cidco,,223.0,ready to move,Pethpada Metro Station|5 minutes,Nimisha Superspeciality Hospital,Prime Mall,Navi Mumbai
3,14000000,1.40 Cr,Kamothe,Pratik Group Of Companies,,941.0,ready to move,,B&J Super Speciality Hospital,Mahalaxmi Mall,Navi Mumbai
2,9900000,99 Lac,Sector 20 Kharghar,Haware Engineers & Builders Pvt Ltd,,,ready to move,,Rajgobind Nursing Home,,Navi Mumbai
1,9500000,95 Lac,Ghansoli,Tulsi Constructions,,457.0,ready to move,Ghansoli Railway Station,Lakshmi Hospital,DMart,Navi Mumbai
3,16800000,1.68 Cr,Sector 35G Kharghar,MAHAVIR DEVELOPERS,Mahavir Heritage,1026.0,ready to move,,,,Navi Mumbai
2,9500000,95 Lac,806 sqft,Vintage Enterprises,a well-connected area of Sector 35E-Kharghar,,ready to move,,,,Navi Mumbai
2,9500000,95 Lac,Roadpali,Platinum Group Builders,,932.0,ready to move,,,,Navi Mumbai
4,23000000,2.30 Cr,Roadpali,Platinum Group Builders,,1282.0,ready to move,,,,Navi Mumbai
3,17000000,1.70 Cr,Roadpali,Platinum Group Builders,,,ready to move,,,,Navi Mumbai
2,4900000,49 Lac,New Panvel,Radhey Properties Builders,,637.0,ready to move,Khandeshwar Railway Station,,Apna Cinema,Navi Mumbai
1,5300000,53 Lac,Ulwe,Brij Bhoomi Builders,Ulwe,486.0,ready to move,Bamandongri Railway Station,Balaji Hospital,,Navi Mumbai
2,8200000,82 Lac,New Panvel,Vishesh Group,New Panvel is available at the price of ₹82 Lac,,ready to move,Khandeshwar Railway Station,,Apna Cinema,Navi Mumbai
1,5500000,55 Lac,Kamothe,Radhe Krishna Builders,,450.0,ready to move,,B&J Super Speciality Hospital,Mahalaxmi Mall,Navi Mumbai
3,11000000,1.10 Cr,Kharghar,Anmol Developers,,1135.0,ready to move,Pethpada Metro Station|5 minutes,Rajgobind Nursing Home,Prime Mall,Navi Mumbai
2,12500000,1.25 Cr,Ghansoli,Krishna Developers,,936.0,ready to move,Ghansoli Railway Station,Divine Multispeciality Hospital,Star Market,Navi Mumbai
3,16500000,1.65 Cr,Airoli,Ajantha Constructions,a well-connected area of Airoli,829.0,ready to move,Airoli Metro Station|5 minutes,Mody Hospital,Ripplez Mall,Navi Mumbai
1,3900000,39 Lac,Taloja,Kamdhenu Realties,,,ready to move,Metro Station Taloja|5 minutes,Ayesha Hospital,,Navi Mumbai
2,7000000,70 Lac,Kalamboli,Neelsidhi Group,,,ready to move,Kalamboli Railway Station,,Ambeka Minimarket,Navi Mumbai
2,8500000,85 Lac,Roadpali,Shree Shagun Developers,,777.0,ready to move,,,,Navi Mumbai
2,7200000,72 Lac,Kalamboli,Neelsidhi Group,Kalamboli,710.0,ready to move,Kalamboli Railway Station,,Ambeka Minimarket,Navi Mumbai
4,24000000,2.40 Cr,Panvel,Paradise Group,Paradise Sai World City which is a 10 years old construction,,,Panvel Junction,Shreyas Multi-Speciality Hospital,Mahalaxmi Mall,Navi Mumbai
2,3500000,35 Lac,Taloja,Arihant Superstructures Ltd.,,612.0,ready to move,Metro Station Taloja|5 minutes,Ayesha Hospital,,Navi Mumbai
2,6700000,67 Lac,Kharghar,Lord Balaji,,720.0,ready to move,Pethpada Metro Station|5 minutes,Medicity Hospital,Zudio,Navi Mumbai
2,7100000,71 Lac,New Panvel,Godrej Properties,,,,Khandeshwar Railway Station,,Little World,Navi Mumbai
2,12000000,1.20 Cr,Ghansoli,Dhiren Vora Builders,Ghansoli is available at the price of ₹1,,ready to move,Ghansoli Railway Station,Divine Multispeciality Hospital,DMart,Navi Mumbai
2,9000000,90 Lac,Ulwe,Bilad Builders and Developers,,742.0,ready to move,Bamandongri Railway Station,Balaji Hospital,,Navi Mumbai
3,39000000,3.90 Cr,Nerul,Akshar Group,,1519.0,ready to move,,Shushrusha Heart Care Center & Multi Speciality Hospital,Bluestone Seawoods Grand Central Mall,Navi Mumbai
1,3980000,39.8 Lac,Ulwe,Advance Home Makers Group,,,ready to move,Bamandongri Railway Station,Balaji Hospital,,Navi Mumbai
2,17000000,1.70 Cr,CBD Belapur,Mayuresh,CBD Belapur is available for purchase at price of ₹1,,ready to move,C.B.D Belapur Railway Station (East),Apollo Hospitals,Ekta Vihar Shopping Centre,Navi Mumbai
1,8500000,85 Lac,Kopar Khairane,Cooperative Group Housing Society,a well-connected area of Kopar Khairane,446.0,ready to move,Kopar Khairane Railway Station,Tasneem Hospital,DMart,Navi Mumbai
1,3200000,32 Lac,Panvel,Milan Developers & Builders Pvt. Ltd.,,428.0,ready to move,Khandeshwar Railway Station,Shreyas Multi-Speciality Hospital,Ambeka Minimarket,Navi Mumbai
2,6400000,64 Lac,Roadpali,Cooperative Group Housing Society,Roadpali,688.0,ready to move,,,,Navi Mumbai
1,6200000,62 Lac,Airoli,Cooperative Group Housing Society,,,ready to move,Airoli Metro Station|5 minutes,Mody Hospital,DMart Ready,Navi Mumbai
2,6200000,62 Lac,Kharghar,Cooperative Group Housing Society,,511.0,ready to move,Pethpada Metro Station,Ariella Hospital,Zudio,Navi Mumbai
1,6000000,60 Lac,Kharghar,Gajra Developers Ltd,,,ready to move,Pethpada Metro Station|5 minutes,Om Navjeevan Hospital,Little World Mall,Navi Mumbai
2,6700000,67 Lac,Ulwe,Shree Balaji Developers,Ulwe is available for purchase at price of ₹67 Lac,756.0,ready to move,Bamandongri Railway Station,Balaji Hospital,,Navi Mumbai
2,8500000,85 Lac,Kharghar,Bhumiraj Group,Kharghar,534.0,ready to move,Pethpada Metro Station|5 minutes,VAMC Hospital,More Super Market,Navi Mumbai
2,5200000,52 Lac,Panvel,Proviso Group,Sai Proviso County which is a 11 years old construction,,ready to move,Kalamboli Railway Station,Prachin Healthcare Multi-speciality Hospital,Mahalaxmi Mall,Navi Mumbai
2,10000000,1 Cr,Kharghar,Arihant Construction,,948.0,ready to move,Pethpada Metro Station|5 minutes,Dolphin Hospital,Glomax Mall,Navi Mumbai
1,6850000,68.5 Lac,Kharghar,Neelsiddhi Developers,Kharghar is available at the price of ₹68,436.0,ready to move,Pethpada Metro Station|5 minutes,Medicity Hospital,Little World Mall,Navi Mumbai
1,10000000,1 Cr,Sanpada,Square Homes,,,ready to move,Juinagar Railway Station,MPCT Hospital,Best Event Organiser In Navi Mumbai : Ask The Event Associates,Navi Mumbai
2,9500000,95 Lac,Airoli,Haware Group,,504.0,ready to move,Airoli Metro Station|5 minutes,Homeopathic Upchar Kendra,Siddhivinayak Shopping Complex,Navi Mumbai
1,5800000,58 Lac,Kharghar,Shree sai developers,,,ready to move,Pethpada Metro Station|5 minutes,Rajgobind Nursing Home,Little World Mall,Navi Mumbai
2,11500000,1.15 Cr,Kharghar,Shelter Builders & Developers,,850.0,ready to move,Pethpada Metro Station|5 minutes,Rajgobind Nursing Home,Zudio,Navi Mumbai
2,8000000,80 Lac,Kamothe,EV Group,,720.0,ready to move,,B&J Super Speciality Hospital,Mahalaxmi Mall,Navi Mumbai
1,2400000,24 Lac,Panvel,Dev Builders & Developers,,407.0,ready to move,Mansarovar Railway Station,Ashtavinayak Hospital,Acwe Mall (Best Buy),Navi Mumbai
2,7000000,70 Lac,Karanjade,Sai Enterprises,,806.0,ready to move,,,,Navi Mumbai
2,21000000,2.10 Cr,Nerul,Majestic Developers,,808.0,ready to move,,Shushrusha Heart Care Center & Multi Speciality Hospital,Bluestone Seawoods Grand Central Mall,Navi Mumbai
2,8500000,85 Lac,Ulwe,PARADISE GROUP BUILDERS & DEVELOPERS,,774.0,ready to move,Kharkopar Railway Station,Balaji Hospital,,Navi Mumbai
3,16500000,1.65 Cr,Ulwe,Progressive Group,Ulwe,1062.0,ready to move,Bamandongri Railway Station,Balaji Hospital,,Navi Mumbai
1,7200000,72 Lac,Ghansoli,Mangalmurti Group,,464.0,ready to move,Ghansoli Railway Station,Lakshmi Hospital,DMart,Navi Mumbai
2,10500000,1.05 Cr,Panvel,Godrej Properties,Panvel is available for purchase at price of ₹1,,ready to move,Panvel Junction,New City Hospital,Orion Mall,Navi Mumbai
2,20000000,2 Cr,Sanpada,Cooperative Group Housing Society,Sanpada,864.0,ready to move,Sanpada Railway Station,MPCT Hospital,Best Event Organiser In Navi Mumbai : Ask The Event Associates,Navi Mumbai
2,8000000,80 Lac,Panvel,Godrej Properties,,720.0,ready to move,Panvel Junction,New City Hospital,Orion Mall,Navi Mumbai
1,2300000,23 Lac,Taloja,VUB Group,Taloja,460.0,ready to move,Metro Station Taloja|7 minutes,Ayesha Hospital,,Navi Mumbai
2,11200000,1.12 Cr,Ghansoli,Sai Developers,Ghansoli,817.0,ready to move,Ghansoli Railway Station,Lakshmi Multi Speciality Hospital,Star Market,Navi Mumbai
2,6500000,65 Lac,total 756 sqft,Sai Developer,Kharghar is available at the price of ₹65 Lac,,ready to move,Pethpada Metro Station|5 minutes,VAMC Hospital,Zudio,Navi Mumbai
1,2900000,29 Lac,Panvel,C.J. Group,,455.0,ready to move,Mansarovar Railway Station,Shreyas Multi-Speciality Hospital,"Orion Mall,",Navi Mumbai
1,4350000,43.5 Lac,Ulwe,Ami Housing & Developers Pvt. Ltd.,,450.0,ready to move,Bamandongri Railway Station,Balaji Hospital,,Navi Mumbai
2,7500000,75 Lac,Kharghar,SUPREME CONSTRUCTION and DEVELOPERS PVT. LTD.,Clan City which is a 18 years old construction,756.0,,Pethpada Metro Station|5 minutes,Aayush Hospital,Little World Mall,Navi Mumbai
1,3000000,30 Lac,Kharghar,Haware Engineers & Builders Pvt Ltd,,,ready to move,Pethpada Metro Station|5 minutes,Om Navjeevan Hospital,Little World Mall,Navi Mumbai
2,16800000,1.68 Cr,Sanpada,Satyam Developers,,,ready to move,Sanpada Railway Station,MPCT Hospital,Best Event Organiser In Navi Mumbai : Ask The Event Associates,Navi Mumbai
4,72500000,7.25 Cr,Nerul,Maithili Group,Nerul is available at the price of ₹7,,ready to move,,Terna Speciality Hospital & Research Centre,Jewel of Navi Mumbai,Navi Mumbai
1,4550000,45.5 Lac,Panvel,Jindal Builder,Panvel is available at the price of ₹45,,ready to move,Khandeshwar Railway Station,Ashtavinayak Hospital,Mahalaxmi Mall,Navi Mumbai
2,14200000,1.42 Cr,Sanpada,Goodwill Developers,,,,Sanpada Railway Station,MPCT Hospital,D-Mart Juinagar,Navi Mumbai
1,4863500,48.6 Lac,New Panvel,Millennium Group,,,,Khandeshwar Railway Station,,Apna Cinema,Navi Mumbai
1,6000000,60 Lac,Sector 8 Ulwe,Balaji Group,,,,,,,Navi Mumbai
2,8900000,89 Lac,Ulwe,Balaji Group,a well-connected area of Ulwe,,ready to move,Gavhan Phata,Balaji Hospital,,Navi Mumbai
1,4057000,40.6 Lac,Karanjade,Sankalp Realty,Karanjade is available for purchase at price of ₹40,,,,,,Navi Mumbai
1,5400000,54 Lac,Roadpali,Proviso Group,Roadpali is available at the price of ₹54 Lac,,,,,,Navi Mumbai
2,14000000,1.40 Cr,Sector 23 Kharghar,Bhagwati Group,a well-connected area of Sector 23 Kharghar,,,,Ariella Hospital,,Navi Mumbai
2,5500000,55 Lac,Ulwe,Ganesha Construction,a well-connected area of Ulwe,,ready to move,Gavhan Phata,Balaji Hospital,,Navi Mumbai
2,11276500,1.12 Cr,Ulwe,Balaji Group,a well-connected area of Ulwe,,ready to move,Bamandongri Railway Station,Balaji Hospital,,Navi Mumbai
1,9000000,90 Lac,Kopar Khairane,Cooperative Group Housing Society,,,ready to move,Kopar Khairane Railway Station,Dr Alayan Multispeciality Hospital,DMart,Navi Mumbai
1,6200000,62 Lac,Kamothe,Tharwani Construction Pvt. Ltd.,Tharwani Residency which is a 16 years old construction,,ready to move,,B&J Super Speciality Hospital,Mahalaxmi Mall,Navi Mumbai
2,9000000,90 Lac,Roadpali,Proviso Group,,749.0,ready to move,,,,Navi Mumbai
1,8000000,80 Lac,CBD Belapur,Shree Sawan Builders,,490.0,ready to move,C.B.D Belapur Railway Station (East),Apollo Hospitals,Kalpataru Shopping Complex,Navi Mumbai
1,3300000,33 Lac,Kharghar,Cooperative Group Housing Society,,,ready to move,Pethpada Metro Station|5 minutes,Medicity Hospital,More Super Market,Navi Mumbai
2,7850000,78.5 Lac,Sector 11 Kharghar,Cooperative Group Housing Society,a well-connected area of Sector 11 Kharghar,537.0,ready to move,,,,Navi Mumbai
3,82000000,8.20 Cr,Sector 50 Seawoods,Cidco,,,ready to move,,,,Navi Mumbai
2,9000000,90 Lac,Kopar Khairane,Cooperative Group Housing Society,Kopar Khairane,634.0,ready to move,Koparkhairane Railway Station,Tasneem Hospital,DMart,Navi Mumbai
2,7500000,75 Lac,Sector 19 Kharghar,Anmol Developers,,,ready to move,,,,Navi Mumbai
1,5000000,50 Lac,Kharghar,Cooperative Group Housing Society,Tulip Plaza Chs,,ready to move,Pethpada Metro Station,VAMC Hospital,Glomax Mall,Navi Mumbai
2,5500000,55 Lac,Ghotkamp Koyana Vele,Qualitas Naman Group,,611.0,ready to move,,,,Navi Mumbai
2,20000000,2 Cr,Airoli,Cooperative Group Housing Society,,,ready to move,Airoli Metro Station|5 minutes,Sai Multispeciality Hospital,Ripplez Mall,Navi Mumbai
2,8900000,89 Lac,Panvel,Marathon Realty Pvt. Ltd.,,590.0,ready to move,Kalamboli Railway Station,Prachin Healthcare Multi-speciality Hospital,Satya Siddhi Market,Navi Mumbai
1,3500000,35 Lac,Taloja Phase 2,Cooperative Group Housing Society,,321.0,ready to move,,,,Navi Mumbai
1,5200000,52 Lac,Karanjade,Universal Developers,,,ready to move,,,,Navi Mumbai
1,13500000,1.35 Cr,Airoli,Mahavir Builders,,,ready to move,Airoli Metro Station|5 minutes,Kiddies Hospital,Ripplez Mall,Navi Mumbai
2,6200000,62 Lac,Taloja,Mahaavir Universal Homes Pvt. Ltd.,,495.0,ready to move,Metro Station Taloja|5 minutes,Ayesha Hospital,,Navi Mumbai
1,3500000,35 Lac,New Panvel,GrowHomes,,440.0,ready to move,Khandeshwar Railway Station,,Little World,Navi Mumbai
3,25500000,2.55 Cr,Ghansoli,Gami Group,,834.0,ready to move,Ghansoli Railway Station,Divine Multispeciality Hospital,Star Market,Navi Mumbai
3,12500000,1.25 Cr,Roadpali,Neelsidhi,a well-connected area of Roadpali,,ready to move,,,,Navi Mumbai
1,5000000,50 Lac,Taloja,SiddhiVinayak Homes,,,ready to move,Metro Station Taloja|5 minutes,Ayesha Hospital,,Navi Mumbai
2,4000000,40 Lac,Panvel,Radhey Properties Builders,,,ready to move,Kalamboli Railway Station,New City Hospital,K Mall,Navi Mumbai
3,11000000,1.10 Cr,Panvel,Indiabulls Greens,,1228.0,ready to move,Panvel Railway Station,Prachin Healthcare Multi-speciality Hospital,Ambeka Minimarket,Navi Mumbai
2,5460000,54.6 Lac,Ulwe,Serene Lifespaces,,,ready to move,Gavhan Phata,Balaji Hospital,,Navi Mumbai
2,22500000,2.25 Cr,Ulwe,Platinum Group,,,ready to move,Gavhan Phata,Balaji Hospital,,Navi Mumbai
1,4300000,43 Lac,Taloja Phase 1,Panchanand Enterprises,Panchnand Heights which is a 16 years old construction,,ready to move,,,,Navi Mumbai
1,5300000,53 Lac,Kamothe,Shree Laxmi Developers,,472.0,ready to move,,B&J Super Speciality Hospital,Mahalaxmi Mall,Navi Mumbai
1,8000000,80 Lac,Ghansoli,Shree Vaishnavi Estates Consultant and Developers,,482.0,ready to move,Ghansoli Railway Station,Lakshmi Multi Speciality Hospital,Star Market,Navi Mumbai
1,4600000,46 Lac,Kharghar,Navkaar Builder & Developers,Kharghar is available for purchase at price of ₹46 Lac,,ready to move,Pethpada Metro Station|5 minutes,Kharghar Medicity Hospital,Zudio,Navi Mumbai
3,10500000,1.05 Cr,Kamothe,Sai Prasad Enterprises,,,ready to move,,B&J Super Speciality Hospital,Mahalaxmi Mall,Navi Mumbai
2,9900000,99 Lac,Ulwe,Dudhe Brothers,,853.0,ready to move,Kharkopar Railway Station,Balaji Hospital,,Navi Mumbai
1,8600000,86 Lac,Airoli,Raheja Developers Ltd.,Airoli is available at the price of ₹86 Lac,454.0,ready to move,Airoli Metro Station|5 minutes,Kiddies Hospital,DMart Ready,Navi Mumbai
2,16200000,1.62 Cr,Ghansoli,Bhagwati Group,Ghansoli,,ready to move,Ghansoli Railway Station,Aviva Hospital,Star Market,Navi Mumbai
2,12500000,1.25 Cr,Airoli,Raikar Group,Pooja Chs,832.0,ready to move,Airoli Metro Station|5 minutes,Sai Multispeciality Hospital,Ripplez Mall,Navi Mumbai
2,7790000,77.9 Lac,Ulwe,Kukreja Builders,,655.0,ready to move,Gavhan Phata,Balaji Hospital,,Navi Mumbai
2,5000000,50 Lac,Taloja,S M Hitech,,720.0,ready to move,Metro Station Taloja,Ayesha Hospital,,Navi Mumbai
2,17400000,1.74 Cr,Kharghar,Bhagwati Group,,864.0,ready to move,Pethpada Metro Station|5 minutes,Rajgobind Nursing Home,Glomax Mall,Navi Mumbai
1,4000000,40 Lac,New Panvel,Supreme Holdings & Hospitality India Ltd.,,,ready to move,Khandeshwar Railway Station,,Little World,Navi Mumbai
1,4000000,40 Lac,Sector 19 Ulwe,Jainam Group,,461.0,ready to move,,,,Navi Mumbai
2,8500000,85 Lac,Kopar Khairane,Cooperative Group Housing Society,,,ready to move,Koparkhairane Railway Station,Child Maternity Hospital Nirmal Hospital,Balaji Movieplex,Navi Mumbai
2,7200000,72 Lac,Taloja,R D Builder,,1100.0,ready to move,Metro Station Taloja|5 minutes,Ayesha Hospital,,Navi Mumbai
3,4500000,45 Lac,Panvel,Namo Properties,,799.0,ready to move,Kalamboli Railway Station,Ashtavinayak Hospital,K Mall,Navi Mumbai
1,4400000,44 Lac,Kharghar,Cooperative Group Housing Society,,,ready to move,Pethpada Metro Station|5 minutes,Medicity Hospital,Glomax Mall,Navi Mumbai
1,3400000,34 Lac,Panvel,Saomya Fortune Infra Ventures,,,ready to move,Panvel Railway Station,Prachin Healthcare Multi-speciality Hospital,Satya Siddhi Market,Navi Mumbai
1,6000000,60 Lac,Kamothe,Aaron Infra Projects,,,ready to move,,B&J Super Speciality Hospital,Mahalaxmi Mall,Navi Mumbai
1,6300000,63 Lac,total 490 sqft,Pratik Enterprises,,,ready to move,,,,Navi Mumbai
1,1800000,18 Lac,407 sqft,Water Edge Qualcon,Panvel is available at the price of ₹18 Lac,,ready to move,Mansarovar Railway Station,New City Hospital,Miraj Cinema,Navi Mumbai
2,3000000,30 Lac,Taloja Panchanand,Enkay Homes Ltd.,,,ready to move,,,,Navi Mumbai
2,8000000,80 Lac,Kharghar,Krishna Enterprise,,864.0,ready to move,Pethpada Metro Station|5 minutes,Nimisha Superspeciality Hospital,More Super Market,Navi Mumbai
1,6300000,63 Lac,468 sqft,Yash Home Developers,,,ready to move,Ghansoli Railway Station,Lakshmi Hospital,DMart,Navi Mumbai
1,4800000,48 Lac,Kamothe,Om Shivam Builders Pvt. Ltd.,,360.0,,,B&J Super Speciality Hospital,Mahalaxmi Mall,Navi Mumbai
1,2600000,26 Lac,New Panvel East,Harmony Homes Creation,,432.0,ready to move,Panvel Railway Station,,Miraj Cinema,Navi Mumbai
2,7200000,72 Lac,Karanjade,Satpanth Group,,648.0,ready to move,,,,Navi Mumbai
1,2500000,25 Lac,Panvel,Space India,,,ready to move,Khandeshwar Railway Station,Ashtavinayak Hospital,Orion Mall,Navi Mumbai
3,5500000,55 Lac,New Panvel,Cooperative Group Housing Society,,331.0,ready to move,Khandeshwar Railway Station,,Apna Cinema,Navi Mumbai
1,3820000,38.2 Lac,Karanjade,Today Royal Group & KD Corp,,443.0,ready to move,,,,Navi Mumbai
2,9500000,95 Lac,Kopar Khairane,Goodwill Developers,,792.0,ready to move,Koparkhairane Railway Station,Mahavir Hospital,Balaji Movieplex,Navi Mumbai
3,13000000,1.30 Cr,Airoli,Patel Developers,,911.0,ready to move,Airoli Metro Station|5 minutes,Padmavati Hospital,Siddhivinayak Shopping Complex,Navi Mumbai
2,17400000,1.74 Cr,Sanpada,Satyam Developers,,,ready to move,Sanpada Railway Station,MPCT Hospital,Best Event Organiser In Navi Mumbai : Ask The Event Associates,Navi Mumbai
2,17300000,1.73 Cr,Sanpada,Satyam Developers,,,ready to move,Sanpada Railway Station,MPCT Hospital,Best Event Organiser In Navi Mumbai : Ask The Event Associates,Navi Mumbai
2,18000000,1.80 Cr,Sector 44A Seawoods,Shree Sawan Buildcon,,,,,Neuron and Nexus Care,,Navi Mumbai
1,3600000,36 Lac,Ulwe,Mahavir Construction,a well-connected area of Ulwe,468.0,,Kharkopar Railway Station,Balaji Hospital,,Navi Mumbai
1,10000000,1 Cr,Juinagar,Raheja Universal Pvt. Ltd.,,479.0,,,,,Navi Mumbai
1,2400000,24 Lac,Petali,The Planet Group,,288.0,ready to move,,,,Navi Mumbai
2,4000000,40 Lac,Taloja,SM Associates,S M Corner which is a 8 years old construction,648.0,ready to move,Metro Station Taloja|5 minutes,Ayesha Hospital,,Navi Mumbai
1,2460000,24.6 Lac,New Panvel,Konnark Realtors,,450.0,ready to move,Khandeshwar Railway Station,,Apna Cinema,Navi Mumbai
1,2800000,28 Lac,Kharghar,Haware Properties,,342.0,ready to move,Pethpada Metro Station,Nimisha Superspeciality Hospital,Zudio,Navi Mumbai
2,10500000,1.05 Cr,Nerul,Cooperative Group Housing Society,,540.0,ready to move,,Terna Speciality Hospital & Research Centre,Jewel of Navi Mumbai,Navi Mumbai
2,12000000,1.20 Cr,Panvel,Arihant Superstructures Ltd.,,,ready to move,Khandeshwar Railway Station,Prachin Healthcare Multi-speciality Hospital,K Mall,Navi Mumbai
1,3700000,37 Lac,Panvel,Qualcon Properties LLP,,,ready to move,Panvel Railway Station,Prachin Healthcare Multi-speciality Hospital,"Orion Mall,",Navi Mumbai
3,10000000,1 Cr,Panvel,Indiabulls Greens,,,ready to move,Panvel Railway Station,New City Hospital,Little World,Navi Mumbai
2,8850000,88.5 Lac,Panvel,Marathon Realty Pvt. Ltd.,,864.0,ready to move,Panvel Junction,New City Hospital,Ambeka Minimarket,Navi Mumbai
2,7800000,78 Lac,Panvel,Marathon Realty Pvt. Ltd.,,451.0,ready to move,Mansarovar Railway Station,New City Hospital,Ambeka Minimarket,Navi Mumbai
2,9000000,90 Lac,Panvel,Marathon Realty Pvt. Ltd.,Panvel,720.0,ready to move,Mansarovar Railway Station,Panacea Hospital,Satya Siddhi Market,Navi Mumbai
2,9900000,99 Lac,Panvel,Marathon Realty Pvt. Ltd.,a well-connected area of Panvel,547.0,ready to move,"Shree Saibaba Mandir, Nr.Panvel Railway Station.",New City Hospital,Acwe Mall (Best Buy),Navi Mumbai
2,8700000,87 Lac,Panvel,Marathon Realty Pvt. Ltd.,,778.0,ready to move,Panvel Junction,Shreyas Multi-Speciality Hospital,Ambeka Minimarket,Navi Mumbai
2,8500000,85 Lac,Panvel,Marathon Realty Pvt. Ltd.,,,ready to move,Panvel Railway Station,Ashtavinayak Hospital,"Orion Mall,",Navi Mumbai
2,6300000,63 Lac,Panvel,Indiabulls Greens,,893.0,ready to move,Khandeshwar Railway Station,New City Hospital,"Orion Mall,",Navi Mumbai
2,8800000,88 Lac,Kamothe,Platinum Group,,698.0,ready to move,,B&J Super Speciality Hospital,Mahalaxmi Mall,Navi Mumbai
2,10200000,1.02 Cr,Kharghar,Anmol Developers,,,ready to move,Pethpada Metro Station|5 minutes,Dolphin Hospital,Zudio,Navi Mumbai
3,18000000,1.80 Cr,Roadpali,Platinum Group Builders,a well-connected area of Roadpali,1404.0,ready to move,,,,Navi Mumbai
1,2600000,26 Lac,Panvel,Space India,,486.0,ready to move,Khandeshwar Railway Station,Shreyas Multi-Speciality Hospital,Acwe Mall (Best Buy),Navi Mumbai
2,9000000,90 Lac,Kharghar,BKS GALAXY REALTORS,,821.0,ready to move,Pethpada Metro Station|5 minutes,Om Navjeevan Hospital,Little World Mall,Navi Mumbai
2,3800000,38 Lac,Taloja,Arihant Group,Taloja is available for purchase at price of ₹38 Lac,655.0,ready to move,Metro Station Taloja|5 minutes,Ayesha Hospital,,Navi Mumbai
2,8200000,82 Lac,Ulwe,Prathamesh Infrastructures,a well-connected area of Ulwe,767.0,ready to move,Bamandongri Railway Station,Balaji Hospital,,Navi Mumbai
3,13000000,1.30 Cr,Kharghar,SM Developers,,1171.0,ready to move,Pethpada Metro Station|5 minutes,Sri Satya Sai Sanjeevani Hospital,Zudio,Navi Mumbai
2,14500000,1.45 Cr,Panvel,Paradise Group,,1019.0,ready to move,Kalamboli Railway Station,Shreyas Multi-Speciality Hospital,Little World,Navi Mumbai
1,9200000,92 Lac,Rabale,Raikar Group,Rabale is available for purchase at price of ₹92 Lac,439.0,ready to move,Rabale Railway Station,,"Satra Plaza,",Navi Mumbai
2,7500000,75 Lac,Roadpali,Empire Developers,Roadpali,832.0,ready to move,,,,Navi Mumbai
1,9800000,98 Lac,Ghansoli,Bhairaav Group,Ghansoli is available at the price of ₹98 Lac,,ready to move,Ghansoli Railway Station,Lakshmi Hospital,DMart,Navi Mumbai
3,22500000,2.25 Cr,Sector 36 Kharghar,Paradise Group,Sector 36 Kharghar is available at the price of ₹2,1350.0,,,,,Navi Mumbai
1,7200000,72 Lac,Sector 20 Kharghar,Cooperative Group Housing Society,Amrut Dhara Complex Chs,540.0,ready to move,,Rajgobind Nursing Home,,Navi Mumbai
3,18500000,1.85 Cr,Kharghar,Galaxy Group Proviso Group and Rakhi Sai Realty,Galaxy Green Woods Apartment,1260.0,ready to move,Pethpada Metro Station|5 minutes,Nimisha Superspeciality Hospital,Glomax Mall,Navi Mumbai
2,9100000,91 Lac,Ulwe,Anmol Developers,,,ready to move,Bamandongri Railway Station,Balaji Hospital,,Navi Mumbai
1,5700000,57 Lac,Old Panvel,Madras Housing And Constructions,Munot Regency,509.0,ready to move,,,"Orion Mall,",Navi Mumbai
2,11000000,1.10 Cr,Airoli,Cooperative Group Housing Society,,792.0,ready to move,Airoli Metro Station,Rajmata Jijau Hospital,Siddhivinayak Shopping Complex,Navi Mumbai
2,5200000,52 Lac,Kharghar,Cooperative Group Housing Society,,461.0,ready to move,Pethpada Metro Station,Sri Satya Sai Sanjeevani Hospital,Zudio,Navi Mumbai
1,6800000,68 Lac,Ulwe,Swaraj Builders and Developers,,489.0,ready to move,Bamandongri Railway Station,Balaji Hospital,,Navi Mumbai
2,8300000,83 Lac,New Panvel,Haware Group,,,ready to move,Khandeshwar Railway Station,,Little World,Navi Mumbai
3,4600000,46 Lac,Panvel,Namo Properties,Panvel is available at the price of ₹46 Lac,799.0,ready to move,Mansarovar Railway Station,Panacea Hospital,Mahalaxmi Mall,Navi Mumbai
1,3550000,35.5 Lac,Ulwe,Ganesha Construction,,395.0,ready to move,Bamandongri Railway Station,Balaji Hospital,,Navi Mumbai
2,10500000,1.05 Cr,Kharghar,Bhumiraj Group,Bhumiraj Woods which is a 20 years old construction,512.0,ready to move,Pethpada Metro Station|5 minutes,Sri Satya Sai Sanjeevani Hospital,Prime Mall,Navi Mumbai
1,7800000,78 Lac,Airoli,Bhumiraj Group,,,ready to move,Airoli Metro Station|5 minutes,Dhanvantari Hospital,Ripplez Mall,Navi Mumbai
3,16500000,1.65 Cr,total 1051 sqft,Krishna Developers,,,ready to move,Ghansoli Railway Station,Lakshmi Multi Speciality Hospital,Star Market,Navi Mumbai
3,25500000,2.55 Cr,Kopar Khairane,Pranjee Group,,,ready to move,Kopar Khairane Railway Station,Mahavir Hospital,DMart,Navi Mumbai
1,5000000,50 Lac,Sector 19 Kharghar,Anant Sundaram Enterprises,Sector 19 Kharghar is available for purchase at price of ₹50 Lac,468.0,ready to move,,,,Navi Mumbai
1,5200000,52 Lac,Ulwe,Gaurav Enterprises,a well-connected area of Ulwe,,ready to move,Gavhan Phata,Balaji Hospital,,Navi Mumbai
1,4900000,49 Lac,Kalamboli,Vision Associate,,475.0,ready to move,Kalamboli Railway Station,,Satya Siddhi Market,Navi Mumbai
1,4800000,48 Lac,Kalamboli,Vision Associate,a well-connected area of Kalamboli,,ready to move,Kalamboli Railway Station,,Ambeka Minimarket,Navi Mumbai
1,2550000,25.5 Lac,total 233 sqft,Raja Developers,,,ready to move,Bamandongri Railway Station,Balaji Hospital,,Navi Mumbai
1,5300000,53 Lac,Khandeshwar,Sai Prasad Group,,468.0,ready to move,Khandeshwar Railway Station,Panacea Hospital,,Navi Mumbai
1,7000000,70 Lac,Airoli,R R Constructions,Airoli is available at the price of ₹70 Lac,,ready to move,Airoli Metro Station|5 minutes,Kiddies Hospital,Siddhivinayak Shopping Complex,Navi Mumbai
1,4000000,40 Lac,Kamothe,Joshi Constructions,,407.0,ready to move,,B&J Super Speciality Hospital,Mahalaxmi Mall,Navi Mumbai
2,6300000,63 Lac,Kamothe,Greystone Space LLP,,702.0,ready to move,,B&J Super Speciality Hospital,Mahalaxmi Mall,Navi Mumbai
1,3800000,38 Lac,Karanjade,Bhaweshwar Group,,432.0,ready to move,,,,Navi Mumbai
1,6500000,65 Lac,Kharghar,Shah Group Builders & Infraprojects Ltd.,,288.0,ready to move,Pethpada Metro Station|5 minutes,Trudiagno,Glomax Mall,Navi Mumbai
1,7800000,78 Lac,Sector 20 Airoli,Pyramid Infratech Company,,,ready to move,,,,Navi Mumbai
1,5038750,50.4 Lac,New Panvel,Millennium Group,,,,Khandeshwar Railway Station,,Apna Cinema,Navi Mumbai
1,4475000,44.8 Lac,Karanjade,Sankalp Realty,,,,,,,Navi Mumbai
1,2978400,29.8 Lac,New Panvel East,Pote Realty,,421.0,,Panvel Railway Station,,Miraj Cinema,Navi Mumbai
1,6000000,60 Lac,Sanpada,Shree Developers,,,ready to move,Juinagar Railway Station,MPCT Hospital,Best Event Organiser In Navi Mumbai : Ask The Event Associates,Navi Mumbai
1,2700000,27 Lac,Taloja,Hallmark Enterprises,,420.0,,Metro Station Taloja|5 minutes,Ayesha Hospital,,Navi Mumbai
1,7300000,73 Lac,Ghansoli,Cooperative Group Housing Society,,396.0,ready to move,Ghansoli Railway Station,Aviva Hospital,DMart,Navi Mumbai
1,4000000,40 Lac,Sector 36 Kharghar,Cooperative Group Housing Society,Sector 36 Kharghar,432.0,ready to move,,,,Navi Mumbai
1,6000000,60 Lac,Panvel,Tirupati Balaji,,,ready to move,Khandeshwar Railway Station,Shreyas Multi-Speciality Hospital,Ambeka Minimarket,Navi Mumbai
2,8500000,85 Lac,New Panvel,Ansh Group,Ganesh Plaza,,ready to move,Khandeshwar Railway Station,,Apna Cinema,Navi Mumbai
1,6000000,60 Lac,Ulwe,Sunny Real Estate,Ulwe is available for purchase at price of ₹60 Lac,486.0,ready to move,Kharkopar Railway Station,Balaji Hospital,,Navi Mumbai
1,4300000,43 Lac,Taloja,Gami Group,,531.0,ready to move,Metro Station Taloja|5 minutes,Ayesha Hospital,,Navi Mumbai
1,5100000,51 Lac,Taloja,Gami Group,,531.0,ready to move,Metro Station Taloja|5 minutes,Ayesha Hospital,,Navi Mumbai
1,4400000,44 Lac,Taloja,Gami Group,,499.0,ready to move,Metro Station Taloja|5 minutes,Ayesha Hospital,,Navi Mumbai
1,4500000,45 Lac,Taloja,Gami Group,Taloja is available at the price of ₹45 Lac,531.0,ready to move,Metro Station Taloja|5 minutes,Ayesha Hospital,,Navi Mumbai
2,4200000,42 Lac,Panvel,Radhey Properties Builders,,666.0,ready to move,Khandeshwar Railway Station,Panacea Hospital,K Mall,Navi Mumbai
2,4800000,48 Lac,Panvel,Radhey Properties Builders,,666.0,ready to move,Khandeshwar Railway Station,Ashtavinayak Hospital,Acwe Mall (Best Buy),Navi Mumbai
1,3000000,30 Lac,Panvel,Radhey Properties Builders,,313.0,ready to move,Panvel Railway Station,Ashtavinayak Hospital,Satya Siddhi Market,Navi Mumbai
2,16500000,1.65 Cr,Sector 10B Ulwe,Kamdhenu Realties,,,ready to move,,,,Navi Mumbai
2,7800000,78 Lac,New Panvel,Indiabulls Greens,,,ready to move,Khandeshwar Railway Station,,Little World,Navi Mumbai
2,7000000,70 Lac,Panvel,Indiabulls Greens,Panvel is available for purchase at price of ₹70 Lac,,ready to move,Kalamboli Railway Station,Panacea Hospital,"Orion Mall,",Navi Mumbai
1,4500000,45 Lac,Panvel,Indiabulls Greens,,,ready to move,Mansarovar Railway Station,Ashtavinayak Hospital,"Orion Mall,",Navi Mumbai
1,5500000,55 Lac,Panvel,Indiabulls Greens,,655.0,ready to move,"Shree Saibaba Mandir, Nr.Panvel Railway Station.",New City Hospital,Satya Siddhi Market,Navi Mumbai
1,4675000,46.8 Lac,Panvel,Indiabulls Greens,,655.0,ready to move,Panvel Railway Station,Prachin Healthcare Multi-speciality Hospital,Orion Mall,Navi Mumbai
2,6800000,68 Lac,Panvel,Indiabulls Greens,Panvel,,ready to move,Khandeshwar Railway Station,Prachin Healthcare Multi-speciality Hospital,Little World,Navi Mumbai
2,6800000,68 Lac,New Panvel East,Indiabulls Greens,,897.0,ready to move,Panvel Railway Station,,Miraj Cinema,Navi Mumbai
2,19000000,1.90 Cr,Ulwe,Bhagwati Group,,,ready to move,Gavhan Phata,Balaji Hospital,,Navi Mumbai
1,4200000,42 Lac,Taloja Panchanand,Shree Labheshwar Developers LLP,,480.0,ready to move,,,,Navi Mumbai
1,6500000,65 Lac,Ulwe,Sunny Real Estate,,486.0,ready to move,Bamandongri Railway Station,Balaji Hospital,,Navi Mumbai
3,12500000,1.25 Cr,Panvel,Indiabulls Greens,,1238.0,ready to move,Mansarovar Railway Station,Prachin Healthcare Multi-speciality Hospital,Orion Mall,Navi Mumbai
2,8100000,81 Lac,Ulwe,Proviso Group,Proviso Heights,515.0,ready to move,Bamandongri Railway Station,Balaji Hospital,,Navi Mumbai
2,5700000,57 Lac,Panvel,Konnark Township Pvt Ltd,,720.0,ready to move,Panvel Junction,Ashtavinayak Hospital,"Orion Mall,",Navi Mumbai
2,4850000,48.5 Lac,Panvel,Konnark Township Pvt Ltd,Panvel,720.0,ready to move,"Shree Saibaba Mandir, Nr.Panvel Railway Station.",Panacea Hospital,Ambeka Minimarket,Navi Mumbai
2,5000000,50 Lac,Panvel,Konnark Township Pvt Ltd,,,ready to move,Khandeshwar Railway Station,Shreyas Multi-Speciality Hospital,Orion Mall,Navi Mumbai
2,3400000,34 Lac,Panvel,Namo Properties,,626.0,ready to move,Panvel Junction,Ashtavinayak Hospital,Miraj Cinema,Navi Mumbai
2,5800000,58 Lac,Taloja,Dwisha Reality,Taloja is available at the price of ₹58 Lac,662.0,ready to move,Metro Station Taloja|5 minutes,Ayesha Hospital,,Navi Mumbai
2,6900000,69 Lac,Panvel,Konnark Township Pvt Ltd,Panvel is available at the price of ₹69 Lac,,ready to move,Panvel Junction,Prachin Healthcare Multi-speciality Hospital,Orion Mall,Navi Mumbai
2,5100000,51 Lac,Panvel,Konnark Township Pvt Ltd,Konnark River City,720.0,ready to move,Khandeshwar Railway Station,Ashtavinayak Hospital,"Orion Mall,",Navi Mumbai
2,9900000,99 Lac,Sector 35I Kharghar,R K Builders and Developers,,842.0,ready to move,Taloja Railway Station,,Prime Mall,Navi Mumbai
2,7500000,75 Lac,Taloja,Kamdhenu Realties,,,ready to move,Metro Station Taloja|5 minutes,Ayesha Hospital,,Navi Mumbai
1,5800000,58 Lac,Roadpali,Gajra Developers Ltd,Roadpali is available at the price of ₹58 Lac,612.0,ready to move,,,,Navi Mumbai
2,5500000,55 Lac,Taloja,Laxmi Group Builders,,724.0,ready to move,Metro Station Taloja|5 minutes,Ayesha Hospital,,Navi Mumbai
1,5490000,54.9 Lac,Roadpali,Gajra Developers Ltd,Gajra Bhoomi Gardenia,497.0,ready to move,,,,Navi Mumbai
1,6000000,60 Lac,Roadpali,Gajra Developers Ltd,,360.0,ready to move,,,,Navi Mumbai
2,9100000,91 Lac,Kamothe,Gami Group,,828.0,ready to move,,B&J Super Speciality Hospital,Mahalaxmi Mall,Navi Mumbai
2,4100000,41 Lac,New Panvel,GrowHomes,,626.0,ready to move,Khandeshwar Railway Station,,Little World,Navi Mumbai
3,13900000,1.39 Cr,Roadpali,GIRIRAJ DEVELOPERS,a well-connected area of Roadpali,1062.0,ready to move,,,,Navi Mumbai
2,10500000,1.05 Cr,Kamothe,Shanti Enterprises,Hari Heritage,,ready to move,,B&J Super Speciality Hospital,Mahalaxmi Mall,Navi Mumbai
2,9500000,95 Lac,Kamothe,Platinum Group,,745.0,ready to move,,B&J Super Speciality Hospital,Mahalaxmi Mall,Navi Mumbai
2,5500000,55 Lac,Panvel,Arihant Superstructures Ltd.,,648.0,ready to move,Mansarovar Railway Station,Ashtavinayak Hospital,"Orion Mall,",Navi Mumbai
1,6800000,68 Lac,508 sqft,GHP Group,,,ready to move,Pethpada Metro Station|5 minutes,Sri Satya Sai Sanjeevani Hospital,Prime Mall,Navi Mumbai
2,14400000,1.44 Cr,Kharghar,PARADISE GROUP BUILDERS & DEVELOPERS,Kharghar,893.0,ready to move,Pethpada Metro Station|5 minutes,Dolphin Hospital,Zudio,Navi Mumbai
2,9500000,95 Lac,Kharghar,Galaxy Developers,a well-connected area of Kharghar,727.0,ready to move,Pethpada Metro Station|5 minutes,Sri Satya Sai Sanjeevani Hospital,Little World Mall,Navi Mumbai
5,80000000,8 Cr,Palm Beach Road,B G Shirke Group of Companies,,1584.0,ready to move,,PKC Hospital,Vijaylaxmi Super Market,Navi Mumbai
2,11700000,1.17 Cr,Kharghar,Haware Engineers & Builders Pvt Ltd,a well-connected area of Kharghar,467.0,ready to move,Pethpada Metro Station|5 minutes,Medicity Hospital,Little World Mall,Navi Mumbai
2,7600000,76 Lac,Panvel,Vishesh Group,Vishesh Balaji Symphony,,ready to move,Mansarovar Railway Station,Prachin Healthcare Multi-speciality Hospital,Orion Mall,Navi Mumbai
2,9500000,95 Lac,Panvel,Vishesh Group,Panvel,760.0,ready to move,Panvel Junction,Prachin Healthcare Multi-speciality Hospital,Satya Siddhi Market,Navi Mumbai
1,7000000,70 Lac,Panvel,Vishesh Group,,,ready to move,Kalamboli Railway Station,Panacea Hospital,Satya Siddhi Market,Navi Mumbai
1,5450000,54.5 Lac,Panvel,Vishesh Group,,439.0,ready to move,Panvel Railway Station,Prachin Healthcare Multi-speciality Hospital,Orion Mall,Navi Mumbai
2,8200000,82 Lac,New Panvel East,Vishesh Group,New Panvel East is available at the price of ₹82 Lac,,ready to move,Panvel Railway Station,,Miraj Cinema,Navi Mumbai
2,7000000,70 Lac,New Panvel,Vishesh Group,,580.0,ready to move,Khandeshwar Railway Station,,Little World,Navi Mumbai
1,5520000,55.2 Lac,Panvel,Vishesh Group,,439.0,ready to move,Mansarovar Railway Station,New City Hospital,Orion Mall,Navi Mumbai
2,17500000,1.75 Cr,Airoli,Gazara Group,Airoli is available at the price of ₹1,504.0,ready to move,Airoli Metro Station|5 minutes,Navi Mumbai Hospital,DMart Ready,Navi Mumbai
3,13500000,1.35 Cr,Kamothe,Chhadva Developers,Chhadva Galaxy which is a 16 years old construction,1055.0,ready to move,,B&J Super Speciality Hospital,Mahalaxmi Mall,Navi Mumbai
2,8700000,87 Lac,Roadpali,Platinum Group,,713.0,ready to move,,,,Navi Mumbai
1,5900000,59 Lac,Panvel,Vishesh Group,,439.0,ready to move,Kalamboli Railway Station,Panacea Hospital,"Orion Mall,",Navi Mumbai
1,6000000,60 Lac,New Panvel,Vishesh Group,Vishesh Balaji Symphony,454.0,,Khandeshwar Railway Station,,Little World,Navi Mumbai
1,5250000,52.5 Lac,Panvel,Vishesh Group,,,ready to move,Panvel Railway Station,New City Hospital,Miraj Cinema,Navi Mumbai
2,10000000,1 Cr,Panvel,Vishesh Group,a well-connected area of Panvel,760.0,ready to move,Kalamboli Railway Station,Shreyas Multi-Speciality Hospital,"Orion Mall,",Navi Mumbai
3,23000000,2.30 Cr,Kharghar,Paradise Group,,1282.0,ready to move,Pethpada Metro Station|5 minutes,Om Navjeevan Hospital,Zudio,Navi Mumbai
3,22000000,2.20 Cr,Kopar Khairane,Progressive Developers,,720.0,ready to move,Koparkhairane Railway Station,Palm Beach Hospital,Balaji Movieplex,Navi Mumbai
3,15000000,1.50 Cr,Ulwe,Proviso Group,Ulwe is available for purchase at price of ₹1,914.0,ready to move,Kharkopar Railway Station,Balaji Hospital,,Navi Mumbai
1,2450000,24.5 Lac,Panvel,Space India,Panvel is available at the price of ₹24,468.0,ready to move,Khandeshwar Railway Station,New City Hospital,Miraj Cinema,Navi Mumbai
3,17500000,1.75 Cr,1296 sqft,Paradise Group,,,ready to move,Pethpada Metro Station|5 minutes,VAMC Hospital,Zudio,Navi Mumbai
3,16800000,1.68 Cr,Roadpali,Platinum Group Builders,,900.0,ready to move,,,,Navi Mumbai
3,16500000,1.65 Cr,Roadpali,Platinum Group Builders,Roadpali,1260.0,ready to move,,,,Navi Mumbai
2,11000000,1.10 Cr,Roadpali,Platinum Group Builders,,958.0,ready to move,,,,Navi Mumbai
2,9000000,90 Lac,Sector 34C Kharghar,Prince Developers,,792.0,ready to move,Kharghar Sector 34 Metro Station|5 minutes,,,Navi Mumbai
1,5300000,53 Lac,Kharghar,Prince Developers,a well-connected area of Kharghar,450.0,ready to move,Pethpada Metro Station|5 minutes,Aayush Hospital,Zudio,Navi Mumbai
2,4700000,47 Lac,Panvel,R W  Construction,,576.0,ready to move,Khandeshwar Railway Station,Shreyas Multi-Speciality Hospital,Ambeka Minimarket,Navi Mumbai
2,4300000,43 Lac,Taloja,Laxmi Group Builders,,641.0,ready to move,Metro Station Taloja|5 minutes,Ayesha Hospital,,Navi Mumbai
2,11000000,1.10 Cr,Sector 27 Kharghar,Arihant Superstructures Ltd.,Arihant Krupa,788.0,ready to move,,,,Navi Mumbai
2,10100000,1.01 Cr,Kharghar,Arihant Superstructures Ltd.,Kharghar is available at the price of ₹1,767.0,ready to move,Pethpada Metro Station|5 minutes,Aayush Hospital,Glomax Mall,Navi Mumbai
3,25000000,2.50 Cr,Kharghar,Krishh Developers,,1241.0,ready to move,Pethpada Metro Station|5 minutes,Dolphin Hospital,Little World Mall,Navi Mumbai
2,12200000,1.22 Cr,Kharghar,Paradise Group,a well-connected area of Kharghar,882.0,ready to move,Pethpada Metro Station|5 minutes,Dolphin Hospital,Prime Mall,Navi Mumbai
1,3050000,30.5 Lac,Taloja Panchanand,Balaji Developers,,450.0,ready to move,,,,Navi Mumbai
1,3600000,36 Lac,Taloja Panchanand,Balaji Developers,Taloja Panchanand,450.0,ready to move,,,,Navi Mumbai
1,3500000,35 Lac,Taloja,Panchanand Enterprises,Taloja,457.0,ready to move,Metro Station Taloja|5 minutes,Ayesha Hospital,,Navi Mumbai
2,6500000,65 Lac,Ulwe,SHK Developers,a well-connected area of Ulwe,,ready to move,Bamandongri Railway Station,Balaji Hospital,,Navi Mumbai
1,4600000,46 Lac,Taloja,Panchanand Enterprises,,486.0,ready to move,Metro Station Taloja|5 minutes,Ayesha Hospital,,Navi Mumbai
1,4000000,40 Lac,497 sqft,Panchanand Enterprises,Panchnand Heights,,ready to move,Metro Station Taloja|5 minutes,Ayesha Hospital,,Navi Mumbai
1,8200000,82 Lac,Kamothe,Shree Laxmi Developers,,,ready to move,,B&J Super Speciality Hospital,Mahalaxmi Mall,Navi Mumbai
2,12500000,1.25 Cr,Sector 34 Kharghar,Fortune Developers,Sector 34 Kharghar is available at the price of ₹1,907.0,ready to move,,Medicity Hospital,More Super Market,Navi Mumbai
3,12500000,1.25 Cr,Sector 34C Kharghar,Fortune Developers,,907.0,ready to move,Kharghar Sector 34 Metro Station|5 minutes,,,Navi Mumbai
1,5795000,58 Lac,Sector 19B Ulwe,Brij Bhoomi Builders,,486.0,ready to move,,,,Navi Mumbai
1,3000000,30 Lac,Taloja,Arihant Group,,374.0,ready to move,Metro Station Taloja|5 minutes,Ayesha Hospital,,Navi Mumbai
2,3700000,37 Lac,Taloja,Arihant Group,,655.0,ready to move,Metro Station Taloja|5 minutes,Ayesha Hospital,,Navi Mumbai
2,8000000,80 Lac,Taloja Panchanand,Arihant Superstructures Ltd,,745.0,ready to move,,,,Navi Mumbai
2,7200000,72 Lac,Taloja Panchanand,Arihant Superstructures Ltd,,792.0,ready to move,,,,Navi Mumbai
2,7100000,71 Lac,Taloja Panchanand,Arihant Superstructures Ltd,,,ready to move,,,,Navi Mumbai
1,4200000,42 Lac,New Panvel,Bhagchand C. Khubchandani,,,ready to move,Khandeshwar Railway Station,,Apna Cinema,Navi Mumbai
1,4300000,43 Lac,New Panvel,Bhagchand C. Khubchandani,,462.0,ready to move,Khandeshwar Railway Station,,Little World,Navi Mumbai
1,4500000,45 Lac,New Panvel,Bhagchand C. Khubchandani,,,ready to move,Khandeshwar Railway Station,,Little World,Navi Mumbai
2,9000000,90 Lac,New Panvel,Vishesh Group,New Panvel,760.0,ready to move,Khandeshwar Railway Station,,Little World,Navi Mumbai
1,6800000,68 Lac,Kamothe,Radhe Krishna Builders,,360.0,ready to move,,B&J Super Speciality Hospital,Mahalaxmi Mall,Navi Mumbai
2,14000000,1.40 Cr,Panvel,Dudhe Brothers,,792.0,ready to move,"Shree Saibaba Mandir, Nr.Panvel Railway Station.",New City Hospital,Acwe Mall (Best Buy),Navi Mumbai
1,5000000,50 Lac,Ulwe,Dream Developers,Ulwe,478.0,ready to move,Kharkopar Railway Station,Balaji Hospital,,Navi Mumbai
3,10500000,1.05 Cr,Sector 19 Kharghar,Anmol Developers,Sector 19 Kharghar,,ready to move,,,,Navi Mumbai
2,9500000,95 Lac,Khandeshwar,Maitri Group,,661.0,ready to move,Khandeshwar Railway Station,Panacea Hospital,,Navi Mumbai
3,15000000,1.50 Cr,Kharghar,Someshwar Builders And Developers,Someshwar Residency,864.0,ready to move,Pethpada Metro Station|5 minutes,Trudiagno,Prime Mall,Navi Mumbai
1,5200000,52 Lac,Kharghar,Navkaar Builder & Developers,Kharghar,396.0,ready to move,Pethpada Metro Station|5 minutes,Trudiagno,Zudio,Navi Mumbai
2,11800000,1.18 Cr,Kharghar,Armstrongs Builder,Kharghar,,ready to move,Pethpada Metro Station|5 minutes,Dolphin Hospital,Prime Mall,Navi Mumbai
3,16000000,1.60 Cr,Kamothe,Sai Prasad Enterprises,,918.0,ready to move,,B&J Super Speciality Hospital,Mahalaxmi Mall,Navi Mumbai
3,9800000,98 Lac,Kamothe,Sai Prasad Enterprises,,720.0,ready to move,,B&J Super Speciality Hospital,Mahalaxmi Mall,Navi Mumbai
1,3500000,35 Lac,Navade,Om Sai Associated,,454.0,ready to move,,,,Navi Mumbai
1,4500000,45 Lac,Karanjade,Satpanth Group,,450.0,ready to move,,,,Navi Mumbai
3,12000000,1.20 Cr,Dronagiri,Akshar Group,,1098.0,ready to move,,,Glomax Shopping Center,Navi Mumbai
2,8000000,80 Lac,Kalamboli,Shree Shagun Developers,,432.0,ready to move,Kalamboli Railway Station,,Ambeka Minimarket,Navi Mumbai
2,9200000,92 Lac,Panvel,Space India,a well-connected area of Panvel,692.0,ready to move,Mansarovar Railway Station,Shreyas Multi-Speciality Hospital,Acwe Mall (Best Buy),Navi Mumbai
2,6000000,60 Lac,Taloja,Arihant Superstructures Ltd.,Taloja is available for purchase at price of ₹60 Lac,,ready to move,Metro Station Taloja|5 minutes,Ayesha Hospital,,Navi Mumbai
2,5200000,52 Lac,Taloja,Arihant Superstructures Ltd.,Arihant Anshula,720.0,ready to move,Metro Station Taloja|5 minutes,Ayesha Hospital,,Navi Mumbai
2,6000000,60 Lac,Ghot,Arihant Superstructures Ltd.,Arihant Anshula which is a 9 years old construction,870.0,ready to move,,,,Navi Mumbai
2,5250000,52.5 Lac,Taloja,Arihant Superstructures Ltd.,Taloja is available for purchase at price of ₹52,781.0,ready to move,Metro Station Taloja|5 minutes,Ayesha Hospital,,Navi Mumbai
1,3400000,34 Lac,Taloja,Arihant Superstructures Ltd.,,540.0,ready to move,Metro Station Taloja|5 minutes,Ayesha Hospital,,Navi Mumbai
2,4800000,48 Lac,Taloja,Arihant Superstructures Ltd.,Taloja is available for purchase at price of ₹48 Lac,1224.0,ready to move,Metro Station Taloja|5 minutes,Ayesha Hospital,,Navi Mumbai
2,6500000,65 Lac,total 792 sqft,Arihant Superstructures Ltd.,,,ready to move,Metro Station Taloja|5 minutes,Ayesha Hospital,,Navi Mumbai
2,5300000,53 Lac,Taloja,Arihant Superstructures Ltd.,,781.0,ready to move,Metro Station Taloja|5 minutes,Ayesha Hospital,,Navi Mumbai
2,13500000,1.35 Cr,Panvel,Paradise Group,,504.0,ready to move,Panvel Junction,Ashtavinayak Hospital,Ambeka Minimarket,Navi Mumbai
2,5400000,54 Lac,Taloja,Arihant Superstructures Ltd.,,792.0,ready to move,Metro Station Taloja|5 minutes,Ayesha Hospital,,Navi Mumbai
1,5275000,52.8 Lac,Panvel,La Mer Developers,,499.0,ready to move,Panvel Railway Station,Ashtavinayak Hospital,Mahalaxmi Mall,Navi Mumbai
1,4000000,40 Lac,Taloja,Arihant Superstructures Ltd,a well-connected area of Taloja,,ready to move,Metro Station Taloja|5 minutes,Ayesha Hospital,,Navi Mumbai
1,3500000,35 Lac,total 453 sqft,Arihant Superstructures Ltd,Arihant Anaika,,ready to move,Metro Station Taloja|5 minutes,Ayesha Hospital,,Navi Mumbai
2,9300000,93 Lac,Sector 36 Kamothe,Cidco,,792.0,ready to move,,B&J Super Speciality Hospital,,Navi Mumbai
2,9900000,99 Lac,total 751 sqft,Cidco,,,ready to move,,B&J Super Speciality Hospital,,Navi Mumbai
2,7500000,75 Lac,Kamothe,Haware Properties,,,ready to move,,B&J Super Speciality Hospital,Mahalaxmi Mall,Navi Mumbai
2,7500000,75 Lac,648 sqft,Haware Properties,,,ready to move,,B&J Super Speciality Hospital,Mahalaxmi Mall,Navi Mumbai
1,8652000,86.5 Lac,Rabale,Raikar Group,,482.0,ready to move,Rabale Railway Station,,"Satra Plaza,",Navi Mumbai
2,8600000,86 Lac,Ulwe,Atlantic Builders & Developers,Ulwe,666.0,ready to move,Gavhan Phata,Balaji Hospital,,Navi Mumbai
1,4500000,45 Lac,Kharghar,Skyline Builders,a well-connected area of Kharghar,453.0,ready to move,Pethpada Metro Station|5 minutes,Dolphin Hospital,Little World Mall,Navi Mumbai
1,3300000,33 Lac,Taloja,Arihant Superstructures Ltd,,462.0,ready to move,Metro Station Taloja|5 minutes,Ayesha Hospital,,Navi Mumbai
2,9450000,94.5 Lac,Panvel,La Mer Developers,a well-connected area of Panvel,806.0,ready to move,"Shree Saibaba Mandir, Nr.Panvel Railway Station.",New City Hospital,Miraj Cinema,Navi Mumbai
3,25000000,2.50 Cr,Kopar Khairane,Nirmal Group,,1116.0,ready to move,Kopar Khairane Railway Station,Apex Multispeciality Hospital,DMart,Navi Mumbai
1,5300000,53 Lac,Sector 19 Ulwe,Kuber Laxmi Developers,Sector 19 Ulwe,367.0,ready to move,,,,Navi Mumbai
1,4750000,47.5 Lac,Sector 17 Ulwe,Aditya Projects & Developers,,414.0,ready to move,,,,Navi Mumbai
2,7850000,78.5 Lac,Navade,Om Sai Developers,a well-connected area of Navade,612.0,ready to move,,,,Navi Mumbai
1,3500000,35 Lac,Petali,Twincity Realtors,,,ready to move,,,,Navi Mumbai
2,4800000,48 Lac,Navade,Laxmi Group,Navade,792.0,ready to move,,,,Navi Mumbai
2,14500000,1.45 Cr,Airoli,Shiv Shakti Group,,605.0,ready to move,Airoli Metro Station|5 minutes,Indravati Hospital Rajmata Jijau Hospital,Ripplez Mall,Navi Mumbai
2,13000000,1.30 Cr,Kharghar,Sri Triveni Pvt. Ltd.,,,ready to move,Pethpada Metro Station|5 minutes,VAMC Hospital,Zudio,Navi Mumbai
1,4250000,42.5 Lac,Roadpali,Anchit Group,Roadpali is available for purchase at price of ₹42,420.0,ready to move,,,,Navi Mumbai
3,12000000,1.20 Cr,Kamothe,Bathija Developers,,,ready to move,,B&J Super Speciality Hospital,Mahalaxmi Mall,Navi Mumbai
3,35000000,3.50 Cr,Kharghar,Satyam Developers,Kharghar,1728.0,ready to move,Pethpada Metro Station|5 minutes,Aayush Hospital,Prime Mall,Navi Mumbai
3,22000000,2.20 Cr,Kharghar,Paradise Group,,,ready to move,Pethpada Metro Station|5 minutes,Dolphin Hospital,Prime Mall,Navi Mumbai
2,12435000,1.24 Cr,Ulwe,Tejas Constructions,,828.0,ready to move,Gavhan Phata,Balaji Hospital,,Navi Mumbai
4,45000000,4.50 Cr,Kharghar,Satyam Developers,Satyam Heritage,1728.0,ready to move,Pethpada Metro Station|5 minutes,Dolphin Hospital,Glomax Mall,Navi Mumbai
2,13000000,1.30 Cr,585 sqft,Dhiren Vora Builders,,,ready to move,Ghansoli Railway Station,Credence Care Hospital,Star Market,Navi Mumbai
1,3700000,37 Lac,Taloja,Shubham Builders,Jijai Complex,522.0,ready to move,Metro Station Taloja|5 minutes,Ayesha Hospital,,Navi Mumbai
1,4170000,41.7 Lac,Taloja,Shubham Builders,,521.0,ready to move,Metro Station Taloja|5 minutes,Ayesha Hospital,,Navi Mumbai
2,5600000,56 Lac,Taloja,Shubham Builders,,756.0,ready to move,Metro Station Taloja|5 minutes,Ayesha Hospital,,Navi Mumbai
1,3200000,32 Lac,Taloja,Shubham Builders,,396.0,ready to move,Metro Station Taloja|5 minutes,Ayesha Hospital,,Navi Mumbai
1,3350000,33.5 Lac,Taloja,Shubham Builders,,518.0,ready to move,Metro Station Taloja|5 minutes,Ayesha Hospital,,Navi Mumbai
2,15000000,1.50 Cr,Panvel,Hiranandani Group,,1044.0,ready to move,Panvel Railway Station,Prachin Healthcare Multi-speciality Hospital,"Orion Mall,",Navi Mumbai
1,7800000,78 Lac,Panvel,Hiranandani Group,Hiranandani Fortune City which is a 10 years old construction,454.0,ready to move,Panvel Junction,Panacea Hospital,Acwe Mall (Best Buy),Navi Mumbai
2,14000000,1.40 Cr,Ghansoli,Bhairaav Group,Bhairaav Goldcrest Residency which is a 11 years old construction,836.0,,Ghansoli Railway Station,Aviva Hospital,DMart,Navi Mumbai
4,16000000,1.60 Cr,Panvel,National Builders,,1354.0,ready to move,Mansarovar Railway Station,Shreyas Multi-Speciality Hospital,Miraj Cinema,Navi Mumbai
2,9000000,90 Lac,Kamothe,Ideal Developers,,760.0,ready to move,,B&J Super Speciality Hospital,Mahalaxmi Mall,Navi Mumbai
1,9500000,95 Lac,Panvel,Hiranandani Group,,402.0,ready to move,Khandeshwar Railway Station,Ashtavinayak Hospital,K Mall,Navi Mumbai
3,21500000,2.15 Cr,Vashi,Cooperative Group Housing Society,Vashi is available for purchase at price of ₹2,,ready to move,Vashi Railway Station,New Era Hospital,Ikea,Navi Mumbai
1,3600000,36 Lac,Taloja,Mahaavir Universal Homes Pvt. Ltd.,,,ready to move,Metro Station Taloja|5 minutes,Ayesha Hospital,,Navi Mumbai
1,3750000,37.5 Lac,Taloja,Mahaavir Universal Homes Pvt. Ltd.,Mahaavir Majesty,516.0,ready to move,Metro Station Taloja|5 minutes,Ayesha Hospital,,Navi Mumbai
2,7750000,77.5 Lac,Panvel,Embassy Group,Panvel,932.0,,Khandeshwar Railway Station,New City Hospital,Little World,Navi Mumbai
2,9600000,96 Lac,CBD Belapur,Cooperative Group Housing Society,,559.0,ready to move,C.B.D Belapur Railway Station (East)|5 minutes,Apollo Hospitals,Kalpataru Shopping Complex,Navi Mumbai
2,3640000,36.4 Lac,Ulwe,Shailesh Enterprises,Ulwe,,,Bamandongri Railway Station,Balaji Hospital,,Navi Mumbai
2,8000000,80 Lac,Ulwe,Kukreja Builders,a well-connected area of Ulwe,,ready to move,Kharkopar Railway Station,Balaji Hospital,,Navi Mumbai
2,14000000,1.40 Cr,Vashi,Manas Group,Manas 21 which is a 14 years old construction,,ready to move,Vashi Railway Station,Mayuresh Hospital,Big Bazaar,Navi Mumbai
2,7600000,76 Lac,Ulwe,Kukreja Builders,Ulwe,655.0,ready to move,Kharkopar Railway Station,Balaji Hospital,,Navi Mumbai
2,11000000,1.10 Cr,Sector 20 Ulwe,Tricity Reality Pvt. Ltd.,,827.0,ready to move,,,,Navi Mumbai
2,13000000,1.30 Cr,Kopar Khairane,Jimmi Builders  Developers,a well-connected area of Kopar Khairane,720.0,ready to move,Koparkhairane Railway Station,Child Maternity Hospital Nirmal Hospital,DMart,Navi Mumbai
1,3890000,38.9 Lac,Taloja,Kamdhenu Realties,,,ready to move,Metro Station Taloja|5 minutes,Ayesha Hospital,,Navi Mumbai
1,4100000,41 Lac,New Panvel,S.P. Construction,,,ready to move,Khandeshwar Railway Station,,Little World,Navi Mumbai
1,3700000,37 Lac,New Panvel,S.P. Construction,,480.0,ready to move,Khandeshwar Railway Station,,Little World,Navi Mumbai
1,8500000,85 Lac,Ulwe,Kricon Group,,288.0,ready to move,Bamandongri Railway Station,Balaji Hospital,,Navi Mumbai
1,4180000,41.8 Lac,Ulwe,Advance Home Makers Group,,454.0,ready to move,Gavhan Phata,Balaji Hospital,,Navi Mumbai
1,4000000,40 Lac,Sector 23 Ulwe,Advance Home Makers Group,,,ready to move,,,,Navi Mumbai
1,4200000,42 Lac,Taloja,Arihant Superstructures Ltd,,,,Metro Station Taloja|5 minutes,Ayesha Hospital,,Navi Mumbai
2,9900000,99 Lac,Old Panvel,Lakhanis Builders,Old Panvel is available at the price of ₹99 Lac,,ready to move,,,"Orion Mall,",Navi Mumbai
1,6400000,64 Lac,Panvel,Lakhanis Builders,Lakhanis La Riveria which is a 11 years old construction,,ready to move,Kalamboli Railway Station,Ashtavinayak Hospital,"Orion Mall,",Navi Mumbai
2,4600000,46 Lac,Panvel,Radhey Properties Builders,,,ready to move,Panvel Railway Station,Shreyas Multi-Speciality Hospital,Miraj Cinema,Navi Mumbai
2,9600000,96 Lac,Kharghar,Raikar Group,Sujata Empress,731.0,ready to move,Pethpada Metro Station|5 minutes,Rajgobind Nursing Home,Zudio,Navi Mumbai
2,9400000,94 Lac,Kharghar,Fortune Developers,,752.0,ready to move,Pethpada Metro Station|5 minutes,VAMC Hospital,Little World Mall,Navi Mumbai
1,6000000,60 Lac,Taloja,Paradise Group,,497.0,ready to move,Metro Station Taloja|5 minutes,Ayesha Hospital,,Navi Mumbai
1,6500000,65 Lac,Taloja,Paradise Group,Taloja,,ready to move,Metro Station Taloja|5 minutes,Ayesha Hospital,,Navi Mumbai
1,5200000,52 Lac,Roadpali,PATEL GROUP & CO.,Roadpali,461.0,ready to move,,,,Navi Mumbai
1,5000000,50 Lac,Karanjade,Anju Enterprise,,405.0,ready to move,,,,Navi Mumbai
1,2300000,23 Lac,Wahal,MD Group,,500.0,ready to move,Metro Station Taloja|5 minutes,Ayesha Hospital,,Navi Mumbai
3,37500000,3.75 Cr,Nerul,Greenscape Developers Pvt. Ltd.,,1340.0,ready to move,,Terna Speciality Hospital & Research Centre,Bluestone Seawoods Grand Central Mall,Navi Mumbai
3,17000000,1.70 Cr,Panvel,Indiabulls Real Estate Ltd.,,,ready to move,"Shree Saibaba Mandir, Nr.Panvel Railway Station.",Shreyas Multi-Speciality Hospital,Little World,Navi Mumbai
2,8400000,84 Lac,Panvel,Haware Properties,,,ready to move,Panvel Railway Station,Panacea Hospital,Little World,Navi Mumbai
1,4600000,46 Lac,New Panvel,Prayag Builders and Developers,Prayag Meadows Phase L,,ready to move,Khandeshwar Railway Station,,Apna Cinema,Navi Mumbai
1,2600000,26 Lac,Taloja,Sai Shraddha Developers,,307.0,ready to move,Metro Station Taloja|5 minutes,Ayesha Hospital,,Navi Mumbai
2,7200000,72 Lac,Old Panvel,Godrej Properties,,540.0,ready to move,,,K Mall,Navi Mumbai
1,4100000,41 Lac,Taloja,SM Developers,Taloja is available at the price of ₹41 Lac,475.0,ready to move,Metro Station Taloja|5 minutes,Ayesha Hospital,,Navi Mumbai
2,6800000,68 Lac,Taloja,City Buildcon,,778.0,ready to move,Metro Station Taloja|5 minutes,Ayesha Hospital,,Navi Mumbai
1,3900000,39 Lac,360 sqft,Shree Chinmay Gaurang Infrastructure,,,ready to move,Kalamboli Railway Station,Ashtavinayak Hospital,Miraj Cinema,Navi Mumbai
1,4200000,42 Lac,Kharghar,Cooperative Group Housing Society,,360.0,ready to move,Pethpada Metro Station,Dolphin Hospital,More Super Market,Navi Mumbai
1,6200000,62 Lac,Panvel,Arihant Superstructures Ltd.,,394.0,,"Shree Saibaba Mandir, Nr.Panvel Railway Station.",Prachin Healthcare Multi-speciality Hospital,K Mall,Navi Mumbai
1,6300000,63 Lac,Panvel,Future Homes Construction,,330.0,ready to move,Panvel Railway Station,Ashtavinayak Hospital,Little World,Navi Mumbai
1,5625000,56.3 Lac,Panvel,Future Homes Construction,,330.0,ready to move,Panvel Junction,Shreyas Multi-Speciality Hospital,K Mall,Navi Mumbai
2,12500000,1.25 Cr,Kharghar,Adhiraj Constructions Pvt. Ltd.,Kharghar is available at the price of ₹1,,,Pethpada Metro Station|5 minutes,Aayush Hospital,Little World Mall,Navi Mumbai
3,12500000,1.25 Cr,Kamothe,Cooperative Group Housing Society,,1102.0,ready to move,,B&J Super Speciality Hospital,Mahalaxmi Mall,Navi Mumbai
1,5300000,53 Lac,Taloja,Qualitas Naman Group,Taloja is available at the price of ₹53 Lac,515.0,ready to move,Metro Station Taloja|5 minutes,Ayesha Hospital,,Navi Mumbai
1,3650000,36.5 Lac,Taloja,Qualitas Naman Group,Qn Greens,507.0,ready to move,Metro Station Taloja|5 minutes,Ayesha Hospital,,Navi Mumbai
1,3800000,38 Lac,Taloja,Qualitas Naman Group,,,ready to move,Metro Station Taloja|5 minutes,Ayesha Hospital,,Navi Mumbai
1,3900000,39 Lac,New Panvel,Supreme Holdings & Hospitality India Ltd.,Belmac Riverside which is a 8 years old construction,432.0,ready to move,Khandeshwar Railway Station,,Little World,Navi Mumbai
2,12500000,1.25 Cr,Kalamboli,Regency Group,a well-connected area of Kalamboli,864.0,ready to move,Kalamboli Railway Station,,Satya Siddhi Market,Navi Mumbai
2,11000000,1.10 Cr,Kalamboli,Regency Group,a well-connected area of Kalamboli,,ready to move,Kalamboli Railway Station,,Satya Siddhi Market,Navi Mumbai
2,3500000,35 Lac,Rasayani,Akshar Developers,,,,Rasayani Train Station,,The Seawoods Mall,Navi Mumbai
2,14000000,1.40 Cr,Ulwe,Platinum Group,,850.0,ready to move,Kharkopar Railway Station,Balaji Hospital,,Navi Mumbai
1,13000000,1.30 Cr,Ghansoli,Aurum Platz IT Pvt Ltd,,552.0,,Ghansoli Railway Station,Credence Care Hospital,DMart,Navi Mumbai
2,7000000,70 Lac,Kharghar,Cooperative Group Housing Society,Kharghar is available at the price of ₹70 Lac,551.0,ready to move,Pethpada Metro Station,Medicity Hospital,Zudio,Navi Mumbai
3,40000000,4 Cr,Sanpada,Kamdhenu Realities,Sanpada,,ready to move,Juinagar Railway Station,MPCT Hospital,D-Mart Juinagar,Navi Mumbai
2,8500000,85 Lac,Taloja,Shining Sun Constructions,,576.0,ready to move,Metro Station Taloja|5 minutes,Ayesha Hospital,,Navi Mumbai
1,5850000,58.5 Lac,Roadpali,Shreeji Group Builder and Developer,Phoenix Nest,504.0,ready to move,,,,Navi Mumbai
2,10000000,1 Cr,Taloja,Gami Group,,816.0,ready to move,Metro Station Taloja|5 minutes,Ayesha Hospital,,Navi Mumbai
2,6000000,60 Lac,New Panvel,Space India Builders & Developers,,741.0,ready to move,Khandeshwar Railway Station,,Little World,Navi Mumbai
2,3800000,38 Lac,New Panvel,Space India Builders & Developers,,,ready to move,Khandeshwar Railway Station,,Little World,Navi Mumbai
1,3000000,30 Lac,New Panvel,Space India Builders & Developers,,,ready to move,Khandeshwar Railway Station,,Little World,Navi Mumbai
3,6000000,60 Lac,Panvel,Qualcon Properties LLP,,936.0,ready to move,"Shree Saibaba Mandir, Nr.Panvel Railway Station.",New City Hospital,K Mall,Navi Mumbai
3,14000000,1.40 Cr,Ulwe,Proviso Group,,1008.0,ready to move,Gavhan Phata,Balaji Hospital,,Navi Mumbai
2,15000000,1.50 Cr,Kopar Khairane,Marvel Realtors,,684.0,ready to move,Kopar Khairane Railway Station,Basil Super Speciality Hospital,DMart,Navi Mumbai
2,14500000,1.45 Cr,Kopar Khairane,Sunny Real Estate,Trishul Apartments,738.0,ready to move,Kopar Khairane Railway Station,Satyam Hospital,Balaji Movieplex,Navi Mumbai
2,4800000,48 Lac,New Panvel,Royale Realtors,New Panvel,689.0,ready to move,Khandeshwar Railway Station,,Little World,Navi Mumbai
2,8200000,82 Lac,Panvel,Squarefeet Realty,Panvel is available at the price of ₹82 Lac,,ready to move,Panvel Railway Station,Prachin Healthcare Multi-speciality Hospital,"Orion Mall,",Navi Mumbai
1,3500000,35 Lac,Panvel,Squarefeet Realty,,458.0,ready to move,Mansarovar Railway Station,New City Hospital,Satya Siddhi Market,Navi Mumbai
1,5800000,58 Lac,Panvel,Squarefeet Realty,,458.0,ready to move,Kalamboli Railway Station,Panacea Hospital,Satya Siddhi Market,Navi Mumbai
1,4800000,48 Lac,Ulwe,Sharda Enterprises,,439.0,ready to move,Gavhan Phata,Balaji Hospital,,Navi Mumbai
1,3900000,39 Lac,Taloja Panchanand,Wadhwani Constructions,,,ready to move,,,,Navi Mumbai
2,9000000,90 Lac,Karanjade,Dubey Group,Gayatri Enclave,718.0,ready to move,,,,Navi Mumbai
2,6500000,65 Lac,Karanjade,Sai Amrut Developers,Sai Amrut Paradise,,ready to move,,,,Navi Mumbai
2,6500000,65 Lac,New Panvel,Sai Amrut Developers,,,ready to move,Khandeshwar Railway Station,,Little World,Navi Mumbai
1,5400000,54 Lac,Ulwe,Venus Sublimes Pvt. Ltd.,a well-connected area of Ulwe,,ready to move,Gavhan Phata,Balaji Hospital,,Navi Mumbai
1,7500000,75 Lac,Sector 17 Ulwe,Proviso Group,,,ready to move,,,,Navi Mumbai
2,28500000,2.85 Cr,Nerul,Sunny Real Estate,,,ready to move,,Shushrusha Heart Care Center & Multi Speciality Hospital,Bluestone Seawoods Grand Central Mall,Navi Mumbai
1,4200000,42 Lac,Panvel,Tirupati Balaji Builders & Developers Pvt. Ltd.,,,ready to move,Mansarovar Railway Station,Prachin Healthcare Multi-speciality Hospital,Orion Mall,Navi Mumbai
2,7300000,73 Lac,Panvel,Hari Siddhi Homes,,714.0,ready to move,Panvel Junction,Panacea Hospital,Ambeka Minimarket,Navi Mumbai
1,2200000,22 Lac,Panvel,Tirupati Balaji Builcon Pvt. Ltd.,a well-connected area of Panvel,,ready to move,Khandeshwar Railway Station,Ashtavinayak Hospital,Ambeka Minimarket,Navi Mumbai
1,6600000,66 Lac,Kamothe,Prem Developers,a well-connected area of Kamothe,450.0,ready to move,,B&J Super Speciality Hospital,Mahalaxmi Mall,Navi Mumbai
1,3300000,33 Lac,Panvel,Qualcon Properties LLP,,577.0,ready to move,Kalamboli Railway Station,New City Hospital,Satya Siddhi Market,Navi Mumbai
2,5900073,59 Lac,total 948 sqft,Qualcon Properties LLP,,,ready to move,Panvel Junction,Shreyas Multi-Speciality Hospital,Orion Mall,Navi Mumbai
2,6000000,60 Lac,Navade,Dev Krupa Enterprises,Navade is available at the price of ₹60 Lac,706.0,ready to move,,,,Navi Mumbai
1,3700000,37 Lac,Navade,Dev Krupa Enterprises,,461.0,ready to move,,,,Navi Mumbai
2,8200000,82 Lac,Kharghar,Dolphin Enterprises,,896.0,ready to move,Pethpada Metro Station|5 minutes,Trudiagno,Glomax Mall,Navi Mumbai
1,8500000,85 Lac,Ghansoli,OM Constructions,Om Shree Apartment,440.0,ready to move,Ghansoli Railway Station,Credence Care Hospital,Star Market,Navi Mumbai
1,3300000,33 Lac,New Panvel,Konnark Township Pvt Ltd,,432.0,ready to move,Khandeshwar Railway Station,,Little World,Navi Mumbai
1,6200000,62 Lac,Kharghar,Hex Corp,,475.0,ready to move,Pethpada Metro Station|5 minutes,Trudiagno,Little World Mall,Navi Mumbai
2,9500000,95 Lac,Kalamboli,Juhi Developers,,934.0,ready to move,Kalamboli Railway Station,,Ambeka Minimarket,Navi Mumbai
1,4800000,48 Lac,Panvel,Space India,,504.0,ready to move,Mansarovar Railway Station,Shreyas Multi-Speciality Hospital,Acwe Mall (Best Buy),Navi Mumbai
2,15000000,1.50 Cr,JNPT Road,Mahaavir Universal Homes Pvt. Ltd.,Mahaavir Jyoti,645.0,ready to move,,,,Navi Mumbai
2,5500000,55 Lac,total 832 sqft,Devtaa Group Developers,,,,Mansarovar Railway Station,New City Hospital,Acwe Mall (Best Buy),Navi Mumbai
1,2800000,28 Lac,New Panvel,GrowHomes,,,ready to move,Khandeshwar Railway Station,,Apna Cinema,Navi Mumbai
1,5300000,53 Lac,Karanjade,Satpanth Group,,540.0,ready to move,,,,Navi Mumbai
3,14000000,1.40 Cr,New Panvel,National Builders,National Harmony,936.0,ready to move,Khandeshwar Railway Station,,Little World,Navi Mumbai
1,3100000,31 Lac,Panvel,Omkar Krupa Builders and Developers,a well-connected area of Panvel,,ready to move,Panvel Junction,Ashtavinayak Hospital,Orion Mall,Navi Mumbai
1,2700000,27 Lac,Panvel,Omkar Krupa Builders and Developers,Panvel is available for purchase at price of ₹27 Lac,291.0,ready to move,Panvel Railway Station,Shreyas Multi-Speciality Hospital,Ambeka Minimarket,Navi Mumbai
2,13500000,1.35 Cr,Sector 10 Kharghar,JEWEL BUILDERS AND INFRAPROJECTS LTD,,,ready to move,,,,Navi Mumbai
2,19000000,1.90 Cr,Kharghar,BKS GALAXY REALTORS,Galaxy Nebula,,ready to move,Pethpada Metro Station|5 minutes,Aayush Hospital,More Super Market,Navi Mumbai
1,3650000,36.5 Lac,Taloja Panchanand,Red Brick Corporation,Taloja Panchanand is available for purchase at price of ₹36,468.0,ready to move,,,,Navi Mumbai
1,5500000,55 Lac,Ulwe,Balaji World,Balaji Amrit,468.0,ready to move,Gavhan Phata,Balaji Hospital,,Navi Mumbai
1,3400000,34 Lac,New Panvel,Prayag Builders and Developers,,467.0,ready to move,Khandeshwar Railway Station,,Apna Cinema,Navi Mumbai
3,18000000,1.80 Cr,Kharghar,Goodwill Developers,,720.0,ready to move,Pethpada Metro Station|5 minutes,Medicity Hospital,Prime Mall,Navi Mumbai
2,13000000,1.30 Cr,Ghansoli,Tulsi Constructions,Ghansoli is available for purchase at price of ₹1,,ready to move,Ghansoli Railway Station,Divine Multispeciality Hospital,Star Market,Navi Mumbai
1,8000000,80 Lac,Kharghar,Sanghvi Builders,,,ready to move,Pethpada Metro Station|5 minutes,Trudiagno,Prime Mall,Navi Mumbai
1,6300000,63 Lac,Roadpali,Pratik Enterprises,Pratik Harmony,490.0,ready to move,,,,Navi Mumbai
1,12345678,1.23 Cr,Kharghar,Bhumiraj Group,Bhumiraj Woods,,ready to move,Pethpada Metro Station|5 minutes,Rajgobind Nursing Home,Little World Mall,Navi Mumbai
2,4900000,49 Lac,691 sqft,Space India Builders & Developers,New Panvel is available at the price of ₹49 Lac,,ready to move,Khandeshwar Railway Station,,Apna Cinema,Navi Mumbai
1,8800000,88 Lac,Airoli,Bhumiraj Group,Bhumiraj Meadows,468.0,ready to move,Airoli Metro Station|5 minutes,Apple Hospital,Siddhivinayak Shopping Complex,Navi Mumbai
1,5000000,50 Lac,Kalamboli,Neelsidhi,,,ready to move,Kalamboli Railway Station,,Ambeka Minimarket,Navi Mumbai
2,4400000,44 Lac,Panvel,Karnala Infrastructure Projects Pvt. Ltd.,Ashtavinayak Phase I,,ready to move,Panvel Junction,Prachin Healthcare Multi-speciality Hospital,Ambeka Minimarket,Navi Mumbai
2,3630000,36.3 Lac,New Panvel,Shree Enterprises,New Panvel is available at the price of ₹36,576.0,,Khandeshwar Railway Station,,Apna Cinema,Navi Mumbai
2,14500000,1.45 Cr,total 882 sqft,Paradise Group,,,ready to move,Pethpada Metro Station|5 minutes,Ariella Hospital,Zudio,Navi Mumbai
2,7000000,70 Lac,Ulwe,Platinum Constructions,,504.0,ready to move,Kharkopar Railway Station,Balaji Hospital,,Navi Mumbai
1,4000000,40 Lac,Ulwe,Akash Enterprise,a well-connected area of Ulwe,457.0,ready to move,Kharkopar Railway Station,Balaji Hospital,,Navi Mumbai
1,4100000,41 Lac,Panvel,Proviso Group,,,ready to move,Panvel Junction,Panacea Hospital,Acwe Mall (Best Buy),Navi Mumbai
1,3800000,38 Lac,Panvel,Proviso Group,,518.0,ready to move,Panvel Railway Station,Panacea Hospital,Ambeka Minimarket,Navi Mumbai
2,12500000,1.25 Cr,Panvel,Happy Home Group,Happy Home Ekta Apartment,,ready to move,Panvel Junction,Ashtavinayak Hospital,Acwe Mall (Best Buy),Navi Mumbai
2,7300000,73 Lac,Ulwe,Aditya Projects & Developers,,695.0,ready to move,Kharkopar Railway Station,Balaji Hospital,,Navi Mumbai
1,4800000,48 Lac,total 468 sqft,Ocean Associates,,,ready to move,Bamandongri Railway Station,Balaji Hospital,,Navi Mumbai
1,2900000,29 Lac,Karanjade,Raghupati Developer,,210.0,ready to move,,,,Navi Mumbai
1,3900000,39 Lac,Panvel,Moksh Developers,,504.0,,Panvel Junction,New City Hospital,Satya Siddhi Market,Navi Mumbai
3,17500000,1.75 Cr,Kharghar,Elite World,,972.0,ready to move,Pethpada Metro Station|5 minutes,Aayush Hospital,Little World Mall,Navi Mumbai
2,9000000,90 Lac,Kalamboli,Neelsidhi Group,Kalamboli is available for purchase at price of ₹90 Lac,,ready to move,Kalamboli Railway Station,,Ambeka Minimarket,Navi Mumbai
1,5100000,51 Lac,Roadpali,Gajra Developers Ltd,,,ready to move,,,,Navi Mumbai
1,4200000,42 Lac,Taloja Phase 2,S R Developers,Taloja Phase 2,464.0,ready to move,,,,Navi Mumbai
1,4800000,48 Lac,Petali,S R Developers,,464.0,ready to move,,,,Navi Mumbai
1,3950000,39.5 Lac,Taloja,S R Developers,a well-connected area of Taloja,468.0,ready to move,Metro Station Taloja|5 minutes,Ayesha Hospital,,Navi Mumbai
2,8000000,80 Lac,Taloja,Skyline Builders,,756.0,ready to move,Metro Station Taloja|5 minutes,Ayesha Hospital,,Navi Mumbai
2,2700000,27 Lac,Taloja Panchanand,Enkay Homes Ltd.,Enkay Garden,561.0,ready to move,,,,Navi Mumbai
2,3017000,30.2 Lac,Taloja Panchanand,Enkay Homes Ltd.,,,ready to move,,,,Navi Mumbai
2,9200000,92 Lac,Ulwe,Yash Developers,,828.0,ready to move,Gavhan Phata,Balaji Hospital,,Navi Mumbai
1,3750000,37.5 Lac,Panvel,Aastha Group,a well-connected area of Panvel,468.0,ready to move,Mansarovar Railway Station,Ashtavinayak Hospital,Satya Siddhi Market,Navi Mumbai
3,15000000,1.50 Cr,Sector 23 Ulwe,Proviso Group,Sector 23 Ulwe is available for purchase at price of ₹1,,ready to move,,,,Navi Mumbai
2,7000000,70 Lac,Taloja,Dweepmala Developers,Taloja is available at the price of ₹70 Lac,828.0,ready to move,Metro Station Taloja|5 minutes,Ayesha Hospital,,Navi Mumbai
2,5500000,55 Lac,Kharghar,Adhiraj Codename Capital City,,479.0,,Pethpada Metro Station,Trudiagno,Zudio,Navi Mumbai
1,3825000,38.3 Lac,Taloja Panchanand,Red Brick Corporation,,468.0,ready to move,,,,Navi Mumbai
2,7000000,70 Lac,Taloja Panchanand,Red Brick Corporation,,540.0,ready to move,,,,Navi Mumbai
1,5300000,53 Lac,Roadpali,Shanti Enterprises,,475.0,ready to move,,,,Navi Mumbai
2,3500000,35 Lac,New Panvel,Bayama Constructions,,583.0,ready to move,Khandeshwar Railway Station,,Apna Cinema,Navi Mumbai
2,4200000,42 Lac,New Panvel,Bayama Constructions,,620.0,ready to move,Khandeshwar Railway Station,,Little World,Navi Mumbai
1,2800000,28 Lac,total 449 sqft,Bayama Constructions,,,ready to move,Khandeshwar Railway Station,,Apna Cinema,Navi Mumbai
1,3950000,39.5 Lac,Kharghar,Aristo Realty Developers Ltd.,,451.0,ready to move,Pethpada Metro Station|5 minutes,Rajgobind Nursing Home,More Super Market,Navi Mumbai
1,6700000,67 Lac,Kharghar,Neelsiddhi Developers,,,ready to move,Pethpada Metro Station|5 minutes,Dolphin Hospital,Little World Mall,Navi Mumbai
1,7000000,70 Lac,436 sqft,Neelsiddhi Developers,,,ready to move,Pethpada Metro Station|5 minutes,Sri Satya Sai Sanjeevani Hospital,Prime Mall,Navi Mumbai
1,4500000,45 Lac,Ulwe,Advance Groups,,,ready to move,Gavhan Phata,Balaji Hospital,,Navi Mumbai
1,6700000,67 Lac,Ulwe,S R Developers,A R Pearl,360.0,ready to move,Kharkopar Railway Station,Balaji Hospital,,Navi Mumbai
3,30000000,3 Cr,Sector 19 Airoli,Pyramid Developers,Sector 19 Airoli is available for purchase at price of ₹3 Cr,1152.0,ready to move,,Navi Mumbai Hospital,DMart Ready,Navi Mumbai
1,4600000,46 Lac,Ulwe,Om Builders & Superstructures,,360.0,ready to move,Gavhan Phata,Balaji Hospital,,Navi Mumbai
1,3700000,37 Lac,Ulwe,Malani Developers,,,ready to move,Bamandongri Railway Station,Balaji Hospital,,Navi Mumbai
3,32500000,3.25 Cr,Ulwe,Mahaavir Universal Homes Pvt. Ltd.,Ulwe is available at the price of ₹3,1120.0,ready to move,Gavhan Phata,Balaji Hospital,,Navi Mumbai
2,7500000,75 Lac,Kalamboli,Ronak Developers,,,ready to move,Kalamboli Railway Station,,Satya Siddhi Market,Navi Mumbai
1,5700000,57 Lac,Kalamboli,Ronak Developers,,648.0,ready to move,Kalamboli Railway Station,,Satya Siddhi Market,Navi Mumbai
2,8500000,85 Lac,Kamothe,Gami Group,Gami Bhakti which is a 15 years old construction,720.0,ready to move,,B&J Super Speciality Hospital,Mahalaxmi Mall,Navi Mumbai
1,6500000,65 Lac,total 518 sqft,Maitri Developer,,,ready to move,,B&J Super Speciality Hospital,Mahalaxmi Mall,Navi Mumbai
4,23000000,2.30 Cr,Panvel,Indiabulls Real Estate Ltd.,,,ready to move,Panvel Railway Station,Ashtavinayak Hospital,Miraj Cinema,Navi Mumbai
2,13500000,1.35 Cr,Ulwe,SiddhiVinayak Homes,Ulwe is available at the price of ₹1,487.0,ready to move,Bamandongri Railway Station,Balaji Hospital,,Navi Mumbai
2,9800000,98 Lac,Kharghar,Platinum Group,,835.0,ready to move,Pethpada Metro Station|5 minutes,Medicity Hospital,Little World Mall,Navi Mumbai
1,3300000,33 Lac,total 461 sqft,Anant Builders and Developers,,,ready to move,,,,Navi Mumbai
2,7400000,74 Lac,Taloja,SM Developers,,785.0,ready to move,Metro Station Taloja|5 minutes,Ayesha Hospital,,Navi Mumbai
2,9500000,95 Lac,Taloja,AOS Developments,Taloja is available at the price of ₹95 Lac,1044.0,ready to move,Metro Station Taloja|5 minutes,Ayesha Hospital,,Navi Mumbai
1,2500000,25 Lac,New Panvel,Prayag Builders,,,ready to move,Khandeshwar Railway Station,,Little World,Navi Mumbai
1,3250000,32.5 Lac,Taloja,Rabbani Khan,,464.0,ready to move,Metro Station Taloja|5 minutes,Ayesha Hospital,,Navi Mumbai
1,4950000,49.5 Lac,Panvel,Shree Enterprises,,454.0,ready to move,Khandeshwar Railway Station,Ashtavinayak Hospital,Orion Mall,Navi Mumbai
1,2800000,28 Lac,Taloja Phase 2,Arihant Superstructures Ltd,Taloja Phase 2,,ready to move,,,,Navi Mumbai
3,16500000,1.65 Cr,Dronagiri,Neelkanth Infracon Developers,,1103.0,ready to move,,,Glomax Shopping Center,Navi Mumbai
3,22000000,2.20 Cr,828 sqft,National Builders,,,ready to move,Kopar Khairane Railway Station,Satyam Hospital,Balaji Movieplex,Navi Mumbai
2,11000000,1.10 Cr,Dronagiri,Neelkanth Infracon Developers,Dronagiri is available for purchase at price of ₹1,837.0,ready to move,,,Glomax Shopping Center,Navi Mumbai
2,6969696,69.7 Lac,Taloja,Harmony Enterprises,Anant Heights,749.0,ready to move,Metro Station Taloja|5 minutes,Ayesha Hospital,,Navi Mumbai
2,6300000,63 Lac,Taloja,Harmony Enterprises,,778.0,ready to move,Metro Station Taloja|5 minutes,Ayesha Hospital,,Navi Mumbai
2,5500000,55 Lac,New Panvel,Jupiter Infrastructures,New Panvel is available for purchase at price of ₹55 Lac,568.0,ready to move,Khandeshwar Railway Station,,Little World,Navi Mumbai
2,3000000,30 Lac,Panvel,La Arihant Enclave,,566.0,ready to move,Panvel Junction,Panacea Hospital,Miraj Cinema,Navi Mumbai
1,2800000,28 Lac,Panvel,Dev Builders & Developers,,324.0,ready to move,Panvel Railway Station,Shreyas Multi-Speciality Hospital,Satya Siddhi Market,Navi Mumbai
1,5900000,59 Lac,Ulwe,Payal Developers,Ulwe,540.0,ready to move,Kharkopar Railway Station,Balaji Hospital,,Navi Mumbai
1,6500000,65 Lac,Kamothe,Triveni Builders and Developers,,,ready to move,,B&J Super Speciality Hospital,Mahalaxmi Mall,Navi Mumbai
1,4100000,41 Lac,Sector 36 Kamothe,Cidco,,,ready to move,,B&J Super Speciality Hospital,,Navi Mumbai
1,4700000,47 Lac,Karanjade,Chamunda Infrastructure,,493.0,ready to move,,,,Navi Mumbai
2,4300000,43 Lac,Panvel,Shree Vastupurti Developers,,606.0,ready to move,Kalamboli Railway Station,Shreyas Multi-Speciality Hospital,Miraj Cinema,Navi Mumbai
2,7500000,75 Lac,Ulwe,Tirupati Enterprises,Ulwe is available at the price of ₹75 Lac,,ready to move,Gavhan Phata,Balaji Hospital,,Navi Mumbai
2,11000000,1.10 Cr,Karanjade,Dev Enterprises,,,ready to move,,,,Navi Mumbai
1,4750000,47.5 Lac,Roadpali,Rupal Builder,Roadpali is available for purchase at price of ₹47,468.0,ready to move,,,,Navi Mumbai
2,7500000,75 Lac,Karanjade,Bhaveshwar Developers,Bhaveshwar Apartment,792.0,ready to move,,,,Navi Mumbai
2,5700000,57 Lac,Taloja,Rachna Enterprises,Taloja,,ready to move,Metro Station Taloja|5 minutes,Ayesha Hospital,,Navi Mumbai
1,6300000,63 Lac,Kamothe,Shree Sai Developers,Kamothe is available for purchase at price of ₹63 Lac,540.0,ready to move,,B&J Super Speciality Hospital,Mahalaxmi Mall,Navi Mumbai
3,13000000,1.30 Cr,Kamothe,Baba Homes Builders And Developers,,,ready to move,,B&J Super Speciality Hospital,Mahalaxmi Mall,Navi Mumbai
3,11000000,1.10 Cr,Kamothe,Baba Homes Builders And Developers,a well-connected area of Kamothe,664.0,ready to move,,B&J Super Speciality Hospital,Mahalaxmi Mall,Navi Mumbai
2,5100000,51 Lac,Taloja,Shiv Shakti Developer,,666.0,ready to move,Metro Station Taloja|5 minutes,Ayesha Hospital,,Navi Mumbai
1,5500000,55 Lac,Karanjade,Ansh Developers,,,ready to move,,,,Navi Mumbai
1,4300000,43 Lac,Karanjade,Anmol Developers,,,ready to move,,,,Navi Mumbai
2,12500000,1.25 Cr,Ulwe,Lakhani Builders Pvt. Ltd.,,878.0,ready to move,Bamandongri Railway Station,Balaji Hospital,,Navi Mumbai
2,8500000,85 Lac,Karanjade,Dynamic Group,,846.0,ready to move,,,,Navi Mumbai
1,4600000,46 Lac,Kalamboli,Vision Associate,,486.0,ready to move,Kalamboli Railway Station,,Satya Siddhi Market,Navi Mumbai
1,4500000,45 Lac,486 sqft,Vision Associate,,,ready to move,Kalamboli Railway Station,,Satya Siddhi Market,Navi Mumbai
3,14500000,1.45 Cr,Kharghar,Bhanu Construction,,1026.0,ready to move,Pethpada Metro Station|5 minutes,Dolphin Hospital,Zudio,Navi Mumbai
2,10850000,1.08 Cr,Ulwe,Manas Group,,792.0,ready to move,Kharkopar Railway Station,Balaji Hospital,,Navi Mumbai
1,6400000,64 Lac,Kharghar,Shree Balaji Developers,,,ready to move,Pethpada Metro Station|5 minutes,Aayush Hospital,Prime Mall,Navi Mumbai
1,4800000,48 Lac,Roadpali,Neelkanth Developers,,480.0,ready to move,,,,Navi Mumbai
1,6500000,65 Lac,Navade,Sai Raj Developers,Navade,389.0,ready to move,,,,Navi Mumbai
1,4500000,45 Lac,Roadpali,Shreeraj Realtors,,,ready to move,,,,Navi Mumbai
3,11500000,1.15 Cr,Taloja,A.R Construction,,,ready to move,Metro Station Taloja|5 minutes,Ayesha Hospital,,Navi Mumbai
1,7500000,75 Lac,Airoli,Nest Builders,Airoli,,ready to move,Airoli Metro Station|5 minutes,Homeopathic Upchar Kendra,Siddhivinayak Shopping Complex,Navi Mumbai
2,15000000,1.50 Cr,Ulwe,Today Homes & Infrastructure Pvt. Ltd.,Ulwe is available for purchase at price of ₹1,864.0,ready to move,Bamandongri Railway Station,Balaji Hospital,,Navi Mumbai
1,4500000,45 Lac,Sector 34C Kharghar,Lord Balaji,Sector 34C Kharghar is available for purchase at price of ₹45 Lac,,,Kharghar Sector 34 Metro Station|5 minutes,,,Navi Mumbai
1,3050000,30.5 Lac,Navade,Neelkanth Developers,,,ready to move,,,,Navi Mumbai
3,12000000,1.20 Cr,total 720 sqft,Sai Developers,,,ready to move,Ghansoli Railway Station,Sadguru Hospital,DMart,Navi Mumbai
2,18000000,1.80 Cr,Kopar Khairane,Victory Builders And Developers,Victory Splendour,576.0,ready to move,Kopar Khairane Railway Station,Mahavir Hospital,Balaji Movieplex,Navi Mumbai
1,4500000,45 Lac,396 sqft,Raja Developers,,,ready to move,Bamandongri Railway Station,Balaji Hospital,,Navi Mumbai
3,18500000,1.85 Cr,Kopar Khairane,Tirupati Builders and Developers,Kopar Khairane,1188.0,ready to move,Kopar Khairane Railway Station,Tasneem Hospital,DMart,Navi Mumbai
1,4700000,47 Lac,Sector 8 Ulwe,VR Builders And Developers,,457.0,ready to move,,,,Navi Mumbai
3,16500000,1.65 Cr,Kharghar,Millennium Group,,1080.0,ready to move,Pethpada Metro Station|5 minutes,Nimisha Superspeciality Hospital,More Super Market,Navi Mumbai
1,5200000,52 Lac,Dronagiri,Manzil Group Builders and Developers,a well-connected area of Dronagiri,482.0,ready to move,,,Glomax Shopping Center,Navi Mumbai
1,3200000,32 Lac,Rasayani,Raj Group,,,ready to move,Rasayani Train Station,,The Seawoods Mall,Navi Mumbai
1,7000000,70 Lac,Ulwe,Kripa Developers,,,ready to move,Gavhan Phata,Balaji Hospital,,Navi Mumbai
1,7800000,78 Lac,Kharghar,Om Sai Developers,,498.0,ready to move,Pethpada Metro Station|5 minutes,Aayush Hospital,Prime Mall,Navi Mumbai
3,12500000,1.25 Cr,New Panvel,PARADISE GROUP BUILDERS & DEVELOPERS,,,ready to move,Khandeshwar Railway Station,,Little World,Navi Mumbai
3,13000000,1.30 Cr,New Panvel,PARADISE GROUP BUILDERS & DEVELOPERS,Sai Swarg,1019.0,ready to move,Khandeshwar Railway Station,,Apna Cinema,Navi Mumbai
2,6500000,65 Lac,Kharghar,SUPREME CONSTRUCTION and DEVELOPERS PVT. LTD.,,,,Pethpada Metro Station|5 minutes,Sri Satya Sai Sanjeevani Hospital,Little World Mall,Navi Mumbai
2,7700000,77 Lac,Kharghar,SUPREME CONSTRUCTION and DEVELOPERS PVT. LTD.,Kharghar is available for purchase at price of ₹77 Lac,775.0,,Pethpada Metro Station|5 minutes,Rajgobind Nursing Home,More Super Market,Navi Mumbai
2,9700000,97 Lac,518 sqft,Panache Realty,,,ready to move,Khandeshwar Railway Station,,Little World,Navi Mumbai
1,4900000,49 Lac,Karanjade,Today Royal Group & KD Corp,,450.0,ready to move,,,,Navi Mumbai
1,3100000,31 Lac,New Panvel,Space India,,432.0,ready to move,Khandeshwar Railway Station,,Little World,Navi Mumbai
2,7000000,70 Lac,Kamothe,Manas Developers,,648.0,ready to move,,B&J Super Speciality Hospital,Mahalaxmi Mall,Navi Mumbai
2,19500000,1.95 Cr,Kopar Khairane,Marvel Developer,Shree Siddhivinayak Tower which is a 13 years old construction,,ready to move,Kopar Khairane Railway Station,Tasneem Hospital,DMart,Navi Mumbai
1,7200000,72 Lac,Ulwe,Platinum Group,a well-connected area of Ulwe,,ready to move,Kharkopar Railway Station,Balaji Hospital,,Navi Mumbai
1,5700000,57 Lac,Kharghar,Satya Group,,446.0,,Pethpada Metro Station|5 minutes,Trudiagno,Little World Mall,Navi Mumbai
2,5060000,50.6 Lac,Panvel,Space India Builders & Developers,,562.0,ready to move,Mansarovar Railway Station,Prachin Healthcare Multi-speciality Hospital,K Mall,Navi Mumbai
1,6000000,60 Lac,Kalamboli,Neelsiddhi Developers,,507.0,ready to move,Kalamboli Railway Station,,Satya Siddhi Market,Navi Mumbai
1,2700000,27 Lac,Karanjade,Anchit Group,Jai Shivam Arcade,,ready to move,,,,Navi Mumbai
1,2800000,28 Lac,Karanjade,Anchit Group,a well-connected area of Karanjade,,ready to move,,,,Navi Mumbai
2,15000000,1.50 Cr,Karanjade,Sataym Concast Pvt. Ltd.,,,ready to move,,,,Navi Mumbai
2,9800000,98 Lac,Ulwe,Rajesh and Dsouza Associates,,878.0,ready to move,Bamandongri Railway Station,Balaji Hospital,,Navi Mumbai
2,6600000,66 Lac,Karanjade,Sataym Concast Pvt. Ltd.,,709.0,ready to move,,,,Navi Mumbai
1,4925000,49.3 Lac,Taloja,Khushom Construction Builders and Developer,,454.0,ready to move,Metro Station Taloja|6 minutes,Ayesha Hospital,,Navi Mumbai
2,3900000,39 Lac,Panvel,Space India Builders & Developers,,623.0,ready to move,Mansarovar Railway Station,New City Hospital,Acwe Mall (Best Buy),Navi Mumbai
1,2800000,28 Lac,Taloja,Kalpavruksha Enterprises,,436.0,ready to move,Metro Station Taloja|5 minutes,Ayesha Hospital,,Navi Mumbai
1,4700000,47 Lac,Taloja,Dweepmala Developers,,461.0,ready to move,Metro Station Taloja|5 minutes,Ayesha Hospital,,Navi Mumbai
1,4650000,46.5 Lac,New Panvel,Nimbeshwar Mahadev Group,,465.0,ready to move,Khandeshwar Railway Station,,Apna Cinema,Navi Mumbai
1,4300000,43 Lac,450 sqft,Square Homes,Swastik Aradhana,,ready to move,Gavhan Phata,Balaji Hospital,,Navi Mumbai
1,5300000,53 Lac,384 sqft,Kukreja Builders,,,ready to move,Kharkopar Railway Station,Balaji Hospital,,Navi Mumbai
2,7700000,77 Lac,Ulwe,Trimurti Construction,,1030.0,ready to move,Bamandongri Railway Station,Balaji Hospital,,Navi Mumbai
2,5000000,50 Lac,Rasayani,Emkayen Group,Rasayani,,ready to move,Rasayani Train Station,,Mayank Super Market,Navi Mumbai
1,6200000,62 Lac,New Panvel,Goodwill Developers,Goodwill Pride,482.0,ready to move,Khandeshwar Railway Station,,Apna Cinema,Navi Mumbai
2,6700000,67 Lac,Karanjade,Jain Enterprises,Karanjade is available at the price of ₹67 Lac,745.0,ready to move,,,,Navi Mumbai
1,5800000,58 Lac,Kamothe,Greystone Space LLP,,,ready to move,,B&J Super Speciality Hospital,Mahalaxmi Mall,Navi Mumbai
2,14200000,1.42 Cr,Ulwe,Priyanka Regency,,1332.0,ready to move,Bamandongri Railway Station,Balaji Hospital,,Navi Mumbai
3,29600000,2.96 Cr,Kandivali West,Ashwin Sheth Group and Emami Group,,,aug '29,Mahavir Nagar Metro Station|5 minutes,Riddhi Vinayak Multispeciality Hospital,Akruti Shopping Centre,Mumbai
4,190226000,19.02 Cr,Juhu,Man Infraconstruction Ltd.,Juhu is available for purchase at price of ₹19,,ready to move,Juhu Beach Bus Stop,Sujay Hospital,Tulip Arcade Mall,Mumbai
2,35862000,3.58 Cr,Dadar West,Suraj Estate Developers,,,dec '31,Dadar Metro Station|5 minutes,P D  Hinduja Hospital,Star Mall,Mumbai
5,877388000,87.73 Cr,Worli,Prestige Group,,,jun '32,Worli Metro Station|5 minutes,Peoples Mobile Hospital,BIg Bazaar,Mumbai
4,56359000,5.63 Cr,Bandra East,Raymond Realty,,,jun '31,Bandra-Kurla Complex Metro Station|5 minutes,Thc Hospital,Meena Bazar,Mumbai
5,91455000,9.14 Cr,Borivali East,Matrubhumi Construction Private Ltd,,,dec '27,Magathane Metro Station|5 minutes,Chiranjeev,The Zone Mall,Mumbai
5,82100000,8.21 Cr,Byculla,Merx Realty,,,dec '29,Byculla Station (E) Bus Stop,Masina Hospital Trust,,Mumbai
4,115000000,11.50 Cr,Andheri West,Godrej Properties Ltd.,,,dec '31,"Azad Nagar metro station, Mumbai|5 minutes",Kokilaben Dhirubhai Ambani Hospital,FB-MUMBAI- ANDHERI,Mumbai
3,41378000,4.13 Cr,Kanjurmarg,K Raheja Corp,Kanjurmarg is available at the price of ₹4,,nov '29,Bhandup Railway Station,Ankur Hospital,,Mumbai
2,26196000,2.61 Cr,Borivali East,CCI Projects Pvt. Ltd.,,,jul '32,Magathane Metro Station|5 minutes,Ellait Hospital,The Zone Mall,Mumbai
3,53154000,5.31 Cr,Borivali East,Oberoi Realty Ltd.,Oberoi Sky City which is a 6 years old construction,,ready to move,Magathane Metro Station|5 minutes,Indira IVF,Thakur Mall Kandivali,Mumbai
3,40501000,4.05 Cr,Mulund West,Piramal Realty,Mulund West is available for purchase at price of ₹4,,ready to move,Mulund Railway Station (W) Bus Stop,"Manisha Universal Multispeciality Hospital, Mulund",Star Bazaar,Mumbai
3,33039000,3.30 Cr,Borivali East,Gitanjali Group,Gitanjali Tatva,,ready to move,Magathane Metro Station|5 minutes,Ashtavinayak Hospital,The Zone Mall,Mumbai
3,41329000,4.13 Cr,Andheri West,Kolte Patil Developers Ltd.,Andheri West is available at the price of ₹4,,ready to move,"Azad Nagar metro station, Mumbai|5 minutes",Bluebell,Navrang Cinema,Mumbai
4,57400000,5.74 Cr,Malad East,L & T Realty,,,jun '33,Malad Railway Station (E) Bus Stop,Sanjeevani Hospital,Metro Mart,Mumbai
2,17596000,1.75 Cr,LBS Road,Mahindra Lifespace Developers Ltd.,,,dec '31,,,,Mumbai
3,40802000,4.08 Cr,Mahim,L & T Realty,,,dec '30,Mahim Junction Railway Station,Dr Jhaveri Hospital,Phoenix Marketcity Mall,Mumbai
2,35000000,3.50 Cr,Andheri West,Oberoi Realty Ltd.,Andheri West is available for purchase at price of ₹3,,ready to move,"Azad Nagar metro station, Mumbai|5 minutes",Bluebell,Navrang Cinema,Mumbai
3,63639000,6.36 Cr,Bandra East,Rustomjee,,,nov '29,Bandra-Kurla Complex Metro Station|5 minutes,Guru Nanak Hospital,Meena Bazar,Mumbai
1,7110000,71.1 Lac,Mira Road East,Siddhi Vinayak Developers  & Unique Shanti Developers,,,mar '27,Mirabhayander Road Bus Stop,Bhakti Vedanta Hospital,Sahakari Bhandar,Mumbai
5,252810000,25.28 Cr,Mahalakshmi,K Raheja Corp,,,mar '28,Mahalakshmi Railway Station,All India Institute Of Physical Medicine And Rehabilitation,,Mumbai
2,20900000,2.09 Cr,Andheri West,M K Shelters Group,,,dec '28,"Azad Nagar metro station, Mumbai|5 minutes",Lion Kartar Singh Hospital,G7 Mall,Mumbai
3,94500000,9.45 Cr,Chembur,Rustomjee,,,apr '30,Chembur Camp Bus Stop,SRV Hospitals - Chembur,R City Mallphoenix Marketcity,Mumbai
2,29400000,2.94 Cr,Andheri West,Swaroop Group,,,mar '29,"Azad Nagar metro station, Mumbai|5 minutes",SBS Multi-Speciality Hospital,Citi Mall,Mumbai
1,12559000,1.25 Cr,Bhandup West,WMI Real Estate Developers LLP,Wmi Ashford Regal,,jun '30,Mangatram Petrol Pump Bus Stop,SAS Hospital,,Mumbai
2,41500000,4.15 Cr,Wadala,Godrej Properties,,,may '28,Wadala Bridge Monorail Station,,,Mumbai
5,400369000,40.03 Cr,Worli,Kalpataru Properties Pvt  Ltd,,,mar '32,Worli Metro Station|5 minutes,Shobha Hospital,Atria Millennium Mall,Mumbai
1,15357000,1.53 Cr,Santacruz East,Sanghvi Group,,,jan '27,Santacruz East Railway Station,Sanjeevani Hospital,Zainab Dulhan Mehandi,Mumbai
4,82999000,8.29 Cr,Andheri East,Lodha Developers Limited,,,ready to move,"Andheri metro station, Mumbai|5 minutes",Sharada Nursing Home,Phoenix Marketcity Mall,Mumbai
4,267578000,26.75 Cr,Worli,Kalpataru Properties Pvt  Ltd,,,mar '32,Worli Metro Station|5 minutes,Shobha Hospital,Atria Millennium Mall,Mumbai
2,16700000,1.67 Cr,Chembur,Adityaraj Lifestyle,Chembur,,dec '28,Chembur Camp Bus Stop,SRV Hospitals - Chembur,K Stars Mall,Mumbai
4,79000000,7.90 Cr,Kandivali East,Godrej Properties,,,jun '30,Poisar Metro Station|5 minutes,Shreeji Hospital,Centrium Mall,Mumbai
3,39000000,3.90 Cr,Wadala,Lodha Developers Limited,,,dec '26,Wadala Bus Stop,,,Mumbai
3,35696000,3.56 Cr,Borivali West,IR JPV Estates Pvt. Ltd.,,,mar '29,Borivali (West) Metro Station|5 minutes,MM Hospital,D-Victorian Mall,Mumbai
3,9614000,96.1 Lac,Virar West,JSB HOMEMAKERS PRIVATE LIMITED,,,dec '27,Chembur Monorail Station,Sahyadri Multcipility Hospital,Phoenix Marketcity Mall,Mumbai
4,117065000,11.70 Cr,Byculla,Lodha Developers Limited,,,sep '28,Byculla Station (E) Bus Stop,Balaji Hospital,,Mumbai
3,26899000,2.68 Cr,Mulund West,Arkade Group,,,dec '26,Santoshi Mata Mandir Bus Stop,Upasani Super Speciality Hospital,Dream Mall,Mumbai
2,31450000,3.14 Cr,Goregaon West,Kalpataru Ltd.,,,ready to move,Lower Malad Metro Station|5 minutes,Kapadia Multi-Speciality Hospital,InOrbit Mall,Mumbai
3,55736000,5.57 Cr,Powai,Hiranandani Group,,,dec '28,Jama Masjid Bus Stop,Powai Hospital,D Mall,Mumbai
5,164189000,16.41 Cr,Byculla,Lodha Developers Limited,Byculla,,sep '28,Khadavli Railway Station,Balaji Hospital,,Mumbai
5,155881000,15.58 Cr,Worli,Lodha Developers Limited,Worli is available at the price of ₹15,,ready to move,Worli Metro Station|5 minutes,Pandit Madan Mohan Malviya Central Hospital,Atria Mall,Mumbai
4,69429000,6.94 Cr,Wadala,Ajmera Realty & Infra India Ltd.,,,jun '27,Wadala Bridge Monorail Station,,,Mumbai
4,105900000,10.59 Cr,Byculla,Piramal Realty,Piramal Aranya,,dec '27,Byculla Railway Station,Balaji Hospital,,Mumbai
2,19025000,1.90 Cr,Mulund West,Prestige Group,,,dec '26,Panch Rasta,Padmashree Endoscopy Center,R Galleria,Mumbai
4,69000000,6.90 Cr,Goregaon West,SAHAKAR BUILDERS & DEVELOPERS,a well-connected area of Goregaon West,,dec '27,Lower Malad Metro Station|5 minutes,Matoshree Gomanti Hospital,New Star Bazar,Mumbai
3,25969000,2.59 Cr,Shell Colony,Raghav Raj Builders & Developers LLP,,,ready to move,Tilak Nagar Railway Station (Harbour Line),Mangal Anand Hospital,Phoenix Marketcity Mall,Mumbai
4,82950000,8.29 Cr,Andheri West,Veena Developers,Andheri West is available for purchase at price of ₹8,,mar '30,"Azad Nagar metro station, Mumbai|5 minutes",Balasaheb Thakare,G7 Mall,Mumbai
1,10752000,1.07 Cr,Malad West,Shreeji Group Of Companies,Malad West is available for purchase at price of ₹1,,aug '28,Malad West Metro Station|5 minutes,Sun Hospital,Palm Court Shopping Complex,Mumbai
3,75900000,7.59 Cr,Andheri West,DLF Ltd.,,,jun '32,"Azad Nagar metro station, Mumbai|5 minutes",Criticare Hospital,Ceramic Mall,Mumbai
2,22700000,2.27 Cr,Vile Parle to buy or invest in Mumbai city,K S Construction,,,dec '28,Hanuman Road Bus Stop,Khandwala Eye Hospital,Prime Mall Downtown,Mumbai
2,33038000,3.30 Cr,Wadala,Lodha Group,,,ready to move,Naigaon (W) Bus Stop,,,Mumbai
4,79000000,7.90 Cr,Kandivali East to buy or invest in Mumbai city,Godrej Properties,,,jun '30,Poisar Metro Station|5 minutes,City Multispeciality Hospital,Centrium Mall,Mumbai
1,15406000,1.54 Cr,Malad West,AJMERA BOULEVARD PRIVATE LIMITED,,,dec '26,Malad West Metro Station|5 minutes,Adarsh Hospital,World of Titan Infiniti mall,Mumbai
3,26798000,2.67 Cr,Powai,Dhanani Group,Powai,,mar '27,Jama Masjid Bus Stop,Dr L H Hiranandani Hospital,D Mall,Mumbai
2,35788000,3.57 Cr,Powai,L & T Realty,,,aug '28,Kensington Society Bus Stop,Dhanvantari,D Mall,Mumbai
3,45500000,4.55 Cr,Chandivali,Nahar Builders Limited,,,dec '30,Oshiwara Police Station Bus Stop,Pranjali Hospital,DMart,Mumbai
2,17500000,1.75 Cr,Andheri,Vraj Bvg Infrasheltors Llp ,Andheri,,dec '30,"Azad Nagar metro station, Mumbai|5 minutes",SBS Multi-Speciality Hospital,Mega Mall,Mumbai
3,75400000,7.54 Cr,Bandra East,Agami Realty,,,jun '32,Bandra-Kurla Complex Metro Station,Asian Hospital,VN Mall,Mumbai
3,45500000,4.55 Cr,Malad East,L & T Realty,,,jun '33,Malad Railway Station (E) Bus Stop,Sanjeevani Hospital,Infiniti Mall,Mumbai
2,9712000,97.1 Lac,Mira Road East,RNA Builders NG,Ng Grand Empire,,dec '26,Palghar Railway Station,Matoshri Indirabai Baburao Sirnaik Hospital,Sahakari Bhandar,Mumbai
2,22851000,2.28 Cr,Wadala,Raymond Realty,,,mar '31,Naigaon (W) Bus Stop,,,Mumbai
3,27100000,2.71 Cr,Mira Road East,Prestige Group,,,oct '30,Mira Road Railway Station,Bhakti Vedant Hospital,DMart,Mumbai
3,49500000,4.95 Cr,Andheri West,Puravankara Ltd.,Puravankara Purva Estrella,,jul '32,"Azad Nagar metro station, Mumbai|5 minutes",Belle-Vue Multi-Speciality Hospital,FB-MUMBAI- ANDHERI,Mumbai
1,12904000,1.29 Cr,Kandivali East,Mahindra Lifespace Developers Ltd.,,,dec '30,Poisar Metro Station|5 minutes,Shreeji Hospital,Star Bazaar,Mumbai
3,77628000,7.76 Cr,Bandra Kurla Complex,Adani Realty,,,ready to move,,Wockhardt Life Win,,Mumbai
3,63219000,6.32 Cr,Andheri West,DLF Ltd.,,,jun '32,"Azad Nagar metro station, Mumbai|5 minutes",SBS Multi-Speciality Hospital,FB-MUMBAI- ANDHERI,Mumbai
1,11846000,1.18 Cr,Kandivali West,Shivani Builders and Developers,Kandivali West is available for purchase at price of ₹1,,mar '28,Mahavir Nagar Metro Station|5 minutes,All India Super Speciality Hospital,Raghuleela Mall,Mumbai
4,117969000,11.79 Cr,Chembur,Rustomjee,,,apr '30,Ashok Nagar Bus Stop,"Zen Multi Speciality Hospital, Chembur, Mumbai",K Star Mall,Mumbai
3,37200000,3.72 Cr,Borivali,Ajmera Cityscapes,,,ready to move,Mandapeshwar IC Colony Metro Station|5 minutes,Karuna General And Maternity Hospital,Cable Corp Mall,Mumbai
4,82864000,8.28 Cr,Powai,Hiranandani Group,Powai is available for purchase at price of ₹8,,ready to move,Kensington Society Bus Stop,Powai Hospital,D Mall,Mumbai
2,22642000,2.26 Cr,Chembur,Roswalt Realty,Roswalt Raya which is a 1 years old construction,,dec '27,Dr. Ambedkar Udyaan \u002F Chembur Railway Station Bus Stop,Joy Hospital,Food Bazaar,Mumbai
3,30622000,3.06 Cr,Goregaon East,Arkade Group,,,dec '27,Aarey Metro Station|5 minutes,Vishwakripa Hospital,Oberoi Mall,Mumbai
4,47138000,4.71 Cr,Borivali East,Chandak Group,Borivali East is available for purchase at price of ₹4,,jun '28,Magathane Metro Station|5 minutes,Indira IVF,The Zone Mall,Mumbai
2,11030000,1.10 Cr,Mira Road East,Raj Realty Group,,,Oct '26,Palghar Railway Station,Bhakti Vedanta Hospital,Sahakari Bhandar,Mumbai
3,72577000,7.25 Cr,Andheri East,Lodha Developers Limited,,,dec '29,"Andheri metro station, Mumbai|5 minutes",Lt Hospital,Akruti One World Mall,Mumbai
4,120000000,12 Cr,Andheri West,Lotus Developers,,,dec '27,"Azad Nagar metro station, Mumbai|5 minutes",Belle-Vue Multi-Speciality Hospital,Citi Mall,Mumbai
3,24260000,2.42 Cr,Oshiwara,Paradigm Realty,Oshiwara is available at the price of ₹2,,dec '36,,,Mega Mall,Mumbai
3,81300000,8.13 Cr,Bandra Kurla Complex,Adani Realty,Adani Ten Bkc,,ready to move,Malad West Metro Station|5 minutes,Wockhardt Life Win,"Mothercare, Infiniti Mall",Mumbai
1,9066000,90.7 Lac,Andheri East,New Monarch Builders And Contractors,,,nov '28,"Andheri metro station, Mumbai|5 minutes",Holy Spirit Hospital,Phoenix Marketcity Mall,Mumbai
2,12721000,1.27 Cr,Mira Road East,Aristone Developers,Mira Road East is available at the price of ₹1,,dec '29,Mirabhayander Road Bus Stop,Karuna,PVR Cinemas,Mumbai
5,417000000,41.70 Cr,Worli,Embassy Group,Worli is available at the price of ₹41,,jun '34,Worli Metro Station|5 minutes,Pandit Madan Mohan Malviya Central Hospital,Atria Mall,Mumbai
3,26605000,2.66 Cr,Chembur,Swastik Realtors,,,dec '28,Tilak Nagar Railway Station (Harbour Line),Chembur Hospital and ICCU,K Stars Mall,Mumbai
4,13948000,1.39 Cr,Virar West,Cosmos Prime Projects Ltd,,,mar '30,Chembur Monorail Station,Sankalpa Hospital,Phoenix Marketcity Mall,Mumbai
5,156900000,15.69 Cr,Mulund West,Prestige Group,Prestige Forest Hills,,mar '32,Santoshi Mata Mandir Bus Stop,Apex Hospitals Mulund,Dream Mall,Mumbai
2,35000000,3.50 Cr,Wadala,Ajmera Realty & Infra India Ltd.,Wadala is available at the price of ₹3,,jun '27,Naigaon (W) Bus Stop,,,Mumbai
3,37338000,3.73 Cr,Goregaon West,Kolte Patil Developers,Kolte Patil Vivere,,aug '30,Lower Malad Metro Station|5 minutes,Kapadia Multi-Speciality Hospital,InOrbit Mall,Mumbai
3,25400000,2.54 Cr,Borivali,BP Infra Builcon LLP ,,,dec '28,Mandapeshwar IC Colony Metro Station|5 minutes,Ashtavinayak Hospital,The Zone Shopping Mall,Mumbai
4,82272000,8.22 Cr,Powai,L & T Realty,,,aug '28,Kensington Sez-1 Bus Stop,Powai Hospital,D Mall,Mumbai
2,19900000,1.99 Cr,LBS Road,Mahindra Lifespace Developers Ltd.,,,dec '31,,,,Mumbai
2,10940000,1.09 Cr,Mira Road East,JP Infra,The Palace Tower which is a 4 years old construction,,dec '28,Mira Road Railway Station,Bhakti Vedanta Hospital,DMart,Mumbai
3,57500000,5.75 Cr,Kandivali East,Godrej Properties,,,jun '30,Poisar Metro Station|5 minutes,Apex Hospital,Centrium Mall,Mumbai
3,51700000,5.17 Cr,Bandra West,Pranav Constructions Limited,,,may '28,Bandra Bus Stop,Baba Hospital,Shoppers Stop,Mumbai
2,21505000,2.15 Cr,Goregaon West,Asmi Group,,,dec '26,Lower Malad Metro Station|5 minutes,Pooja Hospital,Vijay Sales,Mumbai
4,135000000,13.50 Cr,Andheri West,Kalpataru Ltd.,,,jun '32,"Azad Nagar metro station, Mumbai|5 minutes",Kulkarni Hospital,FB-MUMBAI- ANDHERI,Mumbai
3,128960000,12.89 Cr,Bandra West,Rustomjee,,,dec '29,Bandra Railway Station (W) Bus Stop,Shanti Hospital,Shoppers Stop,Mumbai
2,20538000,2.05 Cr,Jogeshwari West,Roswalt Realty,,,dec '28,Lower Oshiwara Metro Station|5 minutes,Mallika Hospital, R Odeon Mall,Mumbai
2,27500000,2.75 Cr,Goregaon East,Shreeram Builders,,,dec '30,Aarey Metro Station|5 minutes,Nalini Speciality Hospital,Oberoi Mall,Mumbai
4,89100000,8.91 Cr,Andheri West,Veena Developers,,,mar '30,"Azad Nagar metro station, Mumbai|5 minutes",Kokilaben Dhirubhai Ambani Hospital,Navrang Cinema,Mumbai
3,19347000,1.93 Cr,Mira Bhayandar Road,Sunteck Realty Ltd.,Sunteck Sky Park which is a 3 years old construction,,dec '29,,Mira Bhayandar Mahanagar Palika,,Mumbai
2,27800000,2.78 Cr,Malad East,L & T Realty,,,jun '33,Malad Railway Station (E) Bus Stop,Sanjeevani Hospital,Metro Bazaar,Mumbai
1,13056000,1.30 Cr,Andheri West,CHANDIWALA ENTERPRISES PVT LTD,,,dec '30,"Azad Nagar metro station, Mumbai|5 minutes",Kokilaben Dhirubhai Ambani Hospital,G7 Mall,Mumbai
2,20723000,2.07 Cr,Borivali East,CCI Projects Pvt. Ltd.,,,jun '30,Magathane Metro Station|5 minutes,Ashtavinayak Hospital,The Zone Mall,Mumbai
2,47500000,4.75 Cr,Girgaon,Regent Spaces,Girgaon,,mar '27,Thakurdwar (Girgaon) Bus Stop,Sir H. N. Reliance Foundation Hospital and Research Centre,,Mumbai
3,64500000,6.45 Cr,Sewri,Rustomjee,,,jan '31,Sewri Railway Station,Kem Hospital,Reliance Market Sewri,Mumbai
4,91000000,9.10 Cr,Kandivali West,Shreeji Sharan Group of Companies,,,dec '27,Mahavir Nagar Metro Station|5 minutes,Sakuntala Nursing Home,La Care Mall,Mumbai
1,4905000,49.1 Lac,Virar West,Om Sai Constructions,,,nov '26,Bolinj Naka Bus Stop,Sankalpa Hospital,Phoenix Marketcity Mall,Mumbai
3,25000000,2.50 Cr,Kandivali East,Godrej Properties,,,nov '29,Poisar Metro Station|5 minutes,City Multispeciality Hospital,Centrium Mall,Mumbai
3,65806000,6.58 Cr,Parel,SOBHA Limited,Parel is available at the price of ₹6,,mar '34,Sewree Naka Bus Stop,Santhashree Shantram Foundation Rajkamal Kalamandir Hospital,,Mumbai
3,59140000,5.91 Cr,Andheri West,DLF Ltd.,Dlf The Westpark,,jun '32,"Azad Nagar metro station, Mumbai|5 minutes",SBS Multi-Speciality Hospital,Infiniti Mall,Mumbai
2,9614000,96.1 Lac,Mira Road East,JP Infra,Mira Road East is available at the price of ₹96,,dec '28,Palghar Railway Station,Matoshri Indirabai Baburao Sirnaik Hospital,Kuber Shopping Centre,Mumbai
3,25125000,2.51 Cr,Kandivali West,Hum Developers Private Limited,,,ready to move,Mahavir Nagar Metro Station|20 minutes,Aastha Hospital,Sunrays Shopping Center,Mumbai
3,91642000,9.16 Cr,Prabhadevi,Rustomjee,,,ready to move,,Sunrise Oncology Centre,Vijay Sales,Mumbai
3,44900000,4.49 Cr,Andheri West,Gurukrupa Realcon,,,apr '29,"Azad Nagar metro station, Mumbai|5 minutes",SBS Multi-Speciality Hospital,Star Quik,Mumbai
3,20050000,2 Cr,Vasai West,Sunteck Realty Ltd.,,,dec '27,,Janseva Hospital,Sahakari Bhandar,Mumbai
1,12603000,1.26 Cr,Bhandup West,WMI Real Estate Developers LLP,,,jun '30,Tank Road Bus Stop,SAS Hospital,,Mumbai
2,12509000,1.25 Cr,Mira Road,Kalpataru Group Dynamix group N.L. Dalmia Group,,,dec '29,Mira Road Railway Station,Bharat Ratna Indira Gandhi Hospital,Sahakari Bhandar,Mumbai
2,15300000,1.53 Cr,Kandivali West,Ruparel Realty,,,,Mahavir Nagar Metro Station|5 minutes,Chavan Hospital,Sunrays Shopping Center,Mumbai
2,11061000,1.10 Cr,Mira Road East,JP Infra,,,dec '31,Palghar Railway Station,Deepak Hospital,PVR Cinemas,Mumbai
2,15174000,1.51 Cr,Kandivali West,JADEITE DEVELOPERS LLP,Jadeite Nandanvan which is a 3 years old construction,,ready to move,Mahavir Nagar Metro Station|5 minutes,Chavan Hospital,Raghuleela Mall,Mumbai
1,5476000,54.8 Lac,Kandivali East,Satellite Developers Pvt. Ltd,,,aug '27,Poisar Metro Station|5 minutes,Apex Hospital,Thakur Mall Kandivali East,Mumbai
3,41900000,4.19 Cr,Andheri West,Gurukrupa Realcon,Andheri West is available for purchase at price of ₹4,,apr '29,"Azad Nagar metro station, Mumbai|5 minutes",Nakshatra Multispeciality Hospital,Crystal Point Mall,Mumbai
3,40478000,4.04 Cr,Santacruz West,Vascon Engineers Ltd.,Vascon Orchids,,sep '28,Santacruz Police Station \u002F V.P. Road Bus Stop,Surya Multispeciality Hospital,"KDD Softy @ Reliance MART, Acme Mall",Mumbai
2,27000000,2.70 Cr,Malad West,Chandak Group,,,dec '28,Malad West Metro Station|5 minutes,Choksi Hospital,Hypercity Retail India Limited Head Office,Mumbai
3,37600000,3.76 Cr,Wadala,Raymond Realty,,,mar '31,Prabhadevi Railway Station,,,Mumbai
3,22600000,2.26 Cr,Borivali West,Multi Space Developers Pvt Ltd,,,jun '28,Borivali (West) Metro Station|5 minutes,Karuna Hospital,Moksh Plaza Mall,Mumbai
3,75780000,7.57 Cr,Bandra West,EXCEL INFRA CONSTRUCTION LLP,,,dec '28,Bandra Railway Station (W) Bus Stop,Baba Hospital,Shoppers Stop,Mumbai
3,19900000,1.99 Cr,LBS Road,Mahindra Lifespace Developers Ltd.,,,dec '31,Poisar Metro Station|5 minutes,Chavan Hospital,La Care Mall,Mumbai
1,6213000,62.1 Lac,Mira Road East,Salasar Group & JP Infra,,,dec '27,Palghar Railway Station,Bhakti Vedant Hospital,PVR Cinemas,Mumbai
1,9500000,95 Lac,Mira Bhayandar,MICL Group,,,dec '28,Mira Road Railway Station,Oscar Hospital,Tania Planet Mall,Mumbai
5,68000000,6.80 Cr,Goregaon East,Agarwal Group of Companies,,,dec '30,Aarey Metro Station|5 minutes,Sunita Multi-Speciality Hospital,Orchard Road Mall,Mumbai
3,39100000,3.91 Cr,Malad West,Arkade Group,,,dec '26,Malad West Metro Station|5 minutes,Choksi Hospital,Croma,Mumbai
3,29480000,2.94 Cr,Bhandup West,Adani Realty,,,dec '29,Tank Road Bus Stop,Dr. Meena`s Multispeciality Hospital Bhandup,,Mumbai
2,13964000,1.39 Cr,Mira Road,Kalpataru Group Dynamix group N.L. Dalmia Group,,,dec '29,Mira Road Railway Station,Dr Pravin Singh,PVR Cinemas,Mumbai
4,168003000,16.80 Cr,Bandra West,Rustomjee,Bandra West,,dec '29,Bandra Bus Stop,Lilavati Hospital and Research Centre,Shoppers Stop,Mumbai
2,10503000,1.05 Cr,Mira Road East,Shree Salasar Sahakar,Shree Ram Krishna Garden,,dec '27,Mira Road Railway Station,Bhakti Vedant Hospital,"D Mart, Hatkesh Udhog Nagar",Mumbai
2,24500000,2.45 Cr,Powai,Shapoorji Pallonji Real Estate,Powai is available for purchase at price of ₹2,671.0,ready to move,Jama Masjid Bus Stop,Powai Hospital,Galleria Shopping Mall,Mumbai
3,48000000,4.80 Cr,Borivali East,Oberoi Realty Ltd.,,,ready to move,Magathane Metro Station|5 minutes,Chiranjeev,The Zone Mall,Mumbai
4,246200000,24.62 Cr,Worli,Godrej Properties,,,dec '33,Worli Metro Station|5 minutes,Shobha Hospital,Atria Millennium Mall,Mumbai
3,55800000,5.58 Cr,Bandra West,Inspira Realty,,,jun '30,Bandra Bus Stop,Baba Hospital,Shoppers Stop,Mumbai
2,40410000,4.04 Cr,Mahim,Chaitanya Developers,a well-connected area of Mahim,,dec '29,Mahim Junction Railway Station,Radhibai Watumull Chest Hospital,Phoenix Marketcity Mall,Mumbai
2,27900000,2.79 Cr,Malad West,Mahindra Lifespace Developers Ltd.,,,dec '29,Malad West Metro Station|5 minutes,Shah Lifeline Multispeciality Hospital,World of Titan Infiniti mall,Mumbai
5,162500000,16.25 Cr,Juhu,Avishkar Developers,,,may '28,Juhu Beach Bus Stop,Sujay Hospital,Silver Beach Cafe,Mumbai
2,23800000,2.38 Cr,Santacruz East,Sanghvi Group,,,jan '27,Santacruz East Railway Station,Sanjeevani Hospital,Hi- Life Mall,Mumbai
3,24644000,2.46 Cr,Bhandup West,Godrej Properties,,,dec '29,Nahur Railway Station,Dr. Meena`s Multispeciality Hospital Bhandup,,Mumbai
4,150000000,15 Cr,Mahalakshmi,Piramal Realty,,,ready to move,Mahalakshmi Railway Station,Srcc Hospital,,Mumbai
1,13635000,1.36 Cr,Chembur East,Aayush Developers,Chembur East is available for purchase at price of ₹1,,may '27,,Sushrut Hospital,,Mumbai
2,19900000,1.99 Cr,Jogeshwari East,Avant Group,,,dec '27,Mogra Metro Station|5 minutes,Swapnapurti Hospital,,Mumbai
2,25250000,2.52 Cr,Chembur,Roswalt Realty,Chembur is available for purchase at price of ₹2,,ready to move,Chembur Railway Station,"Zen Multi Speciality Hospital, Chembur, Mumbai",Cubic Mall,Mumbai
3,38800000,3.88 Cr,Borivali West,Romell Group,,,dec '27,Borivali (West) Metro Station|5 minutes,Sun Super Specialist,Maxus Cinemas,Mumbai
4,41000000,4.10 Cr,Kandivali West,Shivani Builders and Developers,Kandivali West is available at the price of ₹4,,mar '28,Mahavir Nagar Metro Station|5 minutes,Nidhi Narsing Home,Charkop Market,Mumbai
1,13736000,1.37 Cr,Chembur,Chandak Group,Chandak Highscape City,,dec '28,Tilak Nagar Railway Station (Harbour Line),Kolekar Hospital,K Stars Mall,Mumbai
2,63000000,6.30 Cr,Bandra West,Faucett Developer,,,ready to move,Bandra Bus Stop,Lilavati Hospital and Research Centre,Shoppers Stop,Mumbai
3,40600000,4.06 Cr,Wadala,Ajmera Realty & Infra India Ltd.,,,jun '27,Wadala Bus Stop,,,Mumbai
2,20806000,2.08 Cr,Mulund West,Atul Projects,,,dec '30,Panch Rasta,"Manisha Universal Multispeciality Hospital, Mulund",Dream Mall,Mumbai
3,36200000,3.62 Cr,Mulund West,Prestige Group,,,mar '32,Mulund Railway Station (W) Bus Stop,Padmashree Nursing Home,Star Bazaar,Mumbai
2,25700000,2.57 Cr,Wadala,Raymond Realty,a well-connected area of Wadala,,mar '31,Wadala Bus Stop,,,Mumbai
4,150100000,15.01 Cr,Vile Parle West,Avant Group,,,jun '27,Vile Parle (W) or Ashoka Hall Bus Stop,Khandwala Eye Hospital,Prime Mall Downtown,Mumbai
3,144900000,14.49 Cr,Girgaon,Shapoorji Pallonji Real Estate,,,aug '31,Thakurdwar (Girgaon) Bus Stop,K.N. Diagnostic Centre Pvt. Ltd.,,Mumbai
1,16500000,1.65 Cr,Andheri East,Group Satellite and Rockford Group,,,dec '28,"Andheri metro station, Mumbai|5 minutes",Holy Spirit Hospital,Metro Mart NX,Mumbai
4,70900000,7.09 Cr,Mulund West,Prestige Group,,,mar '32,Mulund Depot Bus Stop,"Manisha Universal Multispeciality Hospital, Mulund",Jawahar Talkies,Mumbai
1,15200000,1.52 Cr,Jogeshwari Vikhroli Link Road,Kalpataru Ltd.,,,mar '28,,Troma Hospital,,Mumbai
4,53040000,5.30 Cr,Kandivali East,Mahindra Lifespace Developers Ltd.,Kandivali East is available for purchase at price of ₹5,,dec '30,Poisar Metro Station|5 minutes,Apex Hospital,Centrium Mall,Mumbai
2,14300000,1.43 Cr,Malad East,Rizvi Builders,a well-connected area of Malad East,594.0,ready to move,Malad Railway Station (E) Bus Stop,St. Mary Hospital,Express Zone Mall,Mumbai
4,60548500,6.05 Cr,Wadala,Ajmera Realty & Infra India Ltd.,,,jun '27,Wadala Bus Stop,,,Mumbai
3,37000000,3.70 Cr,Andheri West,Romell Group,,,dec '27,"Azad Nagar metro station, Mumbai|5 minutes",Nakshatra Multispeciality Hospital,Ceramic Mall,Mumbai
1,12400000,1.24 Cr,Kanjurmarg East,Runwal Enterprises,Runwal Avenue,,jun '27,Bhandup Railway Station,Ankur Hospital,,Mumbai
2,35000000,3.50 Cr,Chembur,Meraki Habitats LLP,,,ready to move,Vashi Naka,Surana Sethia Hopsital,K Stars Mall,Mumbai
1,9490000,94.9 Lac,Kurla,Ruparel Realty,,,dec '28,Kurla Railway Station (Central And Harbour Lines),CritiCare Asia Multi Specialty Hospital,DMart miniMAX,Mumbai
2,19500000,1.95 Cr,Goregaon East,Avant Group,,,ready to move,Aarey Metro Station|5 minutes,Mamta Nursing Home,"The Hub Mall,",Mumbai
3,24998904,2.49 Cr,Kandivali East,Godrej Properties,,,Nov '29,Poisar Metro Station|5 minutes,Shreeji Hospital,Star Bazaar,Mumbai
3,38000000,3.80 Cr,Goregaon West,Sunteck Realty Ltd.,,,ready to move,Lower Malad Metro Station,Matoshree Gomanti Hospital,Vijay Sales,Mumbai
3,44000000,4.40 Cr,Mahim,ANJ RECON LLP,,,dec '26,Mahim Junction Railway Station,Radhibai Watumull Chest Hospital,Phoenix Marketcity Mall,Mumbai
3,42164000,4.21 Cr,Wadala,Ajmera Realty & Infra India Ltd.,,,jun '27,Prabhadevi Railway Station,,,Mumbai
3,59658000,5.96 Cr,Andheri West,Bharat Realty venture Pvt Ltd ,,1308.0,Dec '30,"Azad Nagar metro station, Mumbai|5 minutes",Kokilaben Dhirubhai Ambani Hospital and Medical Research Institute,FB-MUMBAI- ANDHERI,Mumbai
4,110200000,11.02 Cr,Mahalakshmi,Runwal Enterprises,7 Mahalaxmi,,oct '31,Mahalakshmi Railway Station,Srcc Hospital,,Mumbai
3,42500000,4.25 Cr,Ghatkopar West,The Wadhwa Group,Wadhwa The Address,,ready to move,Ghatkopar Metro Station|5 minutes,Shantiniketan Hospital,R City Mall,Mumbai
4,75000000,7.50 Cr,total 2465 sqft,DB Realty Pvt. Ltd.,,,ready to move,Aarey Metro Station|5 minutes,Nalini Speciality Hospital,Oberoi Mall,Mumbai
3,32500000,3.25 Cr,Santacruz East,Sanghvi Realty,,,ready to move,Kolivery Village Bus Stop,Pushpakunj,Zainab Dulhan Mehandi,Mumbai
2,28999999,2.89 Cr,Powai,L & T Realty,,698.0,ready to move,Kensington Society Bus Stop,Dr L H Hiranandani Hospital,DMart,Mumbai
3,63000000,6.30 Cr,Mahalakshmi,Mahindra Lifespace Developers Limited,,,Dec '31,Mahalakshmi Railway Station,Srcc Hospital,,Mumbai
2,23000000,2.30 Cr,Andheri East,Kanakia Spaces Realty Pvt. Ltd.,,,ready to move,"Andheri metro station, Mumbai|5 minutes",SevenHills Hospital,Star Market,Mumbai
3,19900000,1.99 Cr,Powai,Vascon Developers LLP,,,Dec '29,Hiranandani Powai Bus Station Bus Stop,Dr. L H. Hiranandani Hospital,Empire Plaza,Mumbai
2,31500000,3.15 Cr,Powai,Hiranandani Developers,Hiranandani Highland,630.0,ready to move,Jama Masjid Bus Stop,Dr. Babasaheb Ambedkar BMC Hospital,Empire Plaza,Mumbai
2,31800000,3.18 Cr,Vikhroli East,Godrej Properties,a well-connected area of Vikhroli East,857.0,ready to move,Kannamwar Nagar No.2 Bus Stop,Adi Arogyam Suman Ramesh Tulsiani Hospital,,Mumbai
1,12000000,1.20 Cr,Kandivali West,Shraddha Prime Projects LTD,Shraddha Gold Crest,406.0,Dec '26,Mahavir Nagar Metro Station|5 minutes,Sakuntala Nursing Home,Sunrays Shopping Center,Mumbai
2,12200000,1.22 Cr,Dahisar,Dynamix Group,,,sep '28,Dahisar Metro Station|5 minutes,,Thakur Mall,Mumbai
3,60000000,6 Cr,Andheri West,Bharat Realty venture Pvt Ltd ,,1283.0,Jun '27,"Azad Nagar metro station, Mumbai|5 minutes",Kulkarni Hospital,Star Quik,Mumbai
3,52650000,5.26 Cr,Chembur,Supreme Universal,a well-connected area of Chembur,,Dec '30,Chembur Camp Bus Stop,"Zen Multi Speciality Hospital, Chembur, Mumbai",R City Mallphoenix Marketcity,Mumbai
2,17500000,1.75 Cr,Borivali West,Jaydev Realtors Pvt. Ltd.,,,ready to move,Borivali (West) Metro Station,Pulse,N-MORE,Mumbai
4,100515000,10.05 Cr,Juhu,Shelton Groups,Juhu is available at the price of ₹10,1773.0,Dec '26,Juhu Beach Bus Stop,Sujay Hospital,Silver Beach Cafe,Mumbai
2,22500000,2.25 Cr,Powai,Gundecha Group,Powai is available at the price of ₹2,900.0,ready to move,Kensington Society Bus Stop,Nihal Nursing,Haiko Mall,Mumbai
3,59000000,5.90 Cr,Mahalakshmi,Lodha Developers Limited,,,ready to move,Mahalakshmi Railway Station,Srcc Hospital,,Mumbai
3,28000000,2.80 Cr,Andheri East,Dudhwala Constructions,,1150.0,ready to move,"Andheri metro station, Mumbai|5 minutes",Holy Spirit Hospital,Star Market,Mumbai
3,67500000,6.75 Cr,Andheri West,Runwal Group,,,ready to move,"Azad Nagar metro station, Mumbai|5 minutes",Kokilaben Dhirubhai Ambani Hospital and Medical Research Institute,Star Quik,Mumbai
2,21000000,2.10 Cr,Santacruz East,Runwal Group,,760.0,ready to move,Vakola Bridge,R. K. Hospital,Matro Mall,Mumbai
2,22100000,2.21 Cr,Powai,Shapoorji Pallonji Real Estate,,670.0,ready to move,Kensington Society Bus Stop,Dr. Babasaheb Ambedkar BMC Hospital,D Mall,Mumbai
2,26000000,2.60 Cr,Santacruz East,Gold Coin Builders,,,Dec '27,Kolivery Village Bus Stop,Sparsh Hospital,Hi- Life Mall,Mumbai
4,185600000,18.56 Cr,Mahalakshmi,Godrej Properties,,2340.0,Dec '27,Mahalakshmi Railway Station,Srcc Hospital,,Mumbai
2,27500000,2.75 Cr,Kanjurmarg East,Lodha Group,,,ready to move,Bhandup Railway Station,Ankur Hospital,,Mumbai
2,21500000,2.15 Cr,Mulund West,Kalpataru Ltd.,,,Sep '26,Santoshi Mata Mandir Bus Stop,Apex Hospitals Mulund,Dream Mall,Mumbai
3,30000000,3 Cr,Mulund West,L&T Realty,Mulund West is available at the price of ₹3 Cr,,ready to move,Mulund Railway Station (W) Bus Stop,Padmashree Endoscopy Center,Dream Mall,Mumbai
5,290000000,29 Cr,Prabhadevi,Kalpataru Ltd.,,3940.0,Dec '26,,Pandit Madan Mohan Malvia Central Hospital,R City Mall,Mumbai
3,45600000,4.56 Cr,Wadala East,Lodha Group,,1330.0,ready to move,Wadala Bridge Monorail Station,,,Mumbai
3,87500000,8.75 Cr,Bandra East,Kalpataru Ltd.,,1374.0,ready to move,Bandra-Kurla Complex Metro Station|5 minutes,Dr. Agarwal Children Hospital,Meena Bazar,Mumbai
2,32500000,3.25 Cr,Kandivali East,Kalpataru Ltd.,,741.0,ready to move,Poisar Metro Station|5 minutes,Shreeji Hospital,Thakur Mall Kandivali East,Mumbai
2,18200000,1.82 Cr,Kandivali West,Laxmi Group,,,ready to move,Mahavir Nagar Metro Station|5 minutes,United Multispeciality Hospital,Charkop Market,Mumbai
3,70000000,7 Cr,Worli,Lodha Developers Limited,,1093.0,,Worli Metro Station|5 minutes,Pandit Madan Mohan Malviya Central Hospital,Atria Mall,Mumbai
2,23500000,2.35 Cr,Santacruz East,Jaavi Infra Pvt. Ltd.,,770.0,Jun '30,Kolivery Village Bus Stop,R. K. Hospital,Hi- Life Mall,Mumbai
2,22100000,2.21 Cr,Orlem,Shreeji Group,Shreeji Atlantis which is a 12 years old construction,,ready to move,,,,Mumbai
2,28000000,2.80 Cr,Andheri West,AJMERA,Andheri West is available at the price of ₹2,,ready to move,"Azad Nagar metro station, Mumbai|5 minutes",SBS Multi-Speciality Hospital,Navrang Cinema,Mumbai
2,21000000,2.10 Cr,Kurla West,Kohinoor Group,Kurla West is available at the price of ₹2,700.0,ready to move,Kurla Station (W) Bus Stop,Bmc Hospital,Kurla Metro Mall,Mumbai
2,27500000,2.75 Cr,Borivali West,Cooperative Group Housing Society,Aditya Harismruti Premises Chs Ltd,739.0,ready to move,Borivali (West) Metro Station,Phoenix Hospital,D-Victorian Mall,Mumbai
4,117600000,11.76 Cr,Worli,Lodha Developers Limited,,1640.0,ready to move,Worli Metro Station|5 minutes,Shobha Hospital,Atria Mall,Mumbai
3,90000000,9 Cr,1374 sqft,Lodha Developers Limited,,,ready to move,Worli Metro Station|5 minutes,Pandit Madan Mohan Malviya Central Hospital,BIg Bazaar,Mumbai
2,7000000,70 Lac,Kandivali East,Paton and Darshan Developers,,323.0,Oct '26,Poisar Metro Station|5 minutes,Shreeji Hospital,Reliance Mall Borivali,Mumbai
3,33400000,3.34 Cr,Kandivali East,Lodha Developers Limited,,,ready to move,Poisar Metro Station|5 minutes,Shreeji Hospital,Reliance Mall Borivali,Mumbai
3,30000000,3 Cr,Goregaon West,Ekta World,,908.0,ready to move,Lower Malad Metro Station|5 minutes,Prarthana Hospital and ICU,InOrbit Mall,Mumbai
3,46000000,4.60 Cr,Powai,Kanakia Spaces Realty Pvt. Ltd.,,,ready to move,Kensington Society Bus Stop,Dhanvantari,Galleria Shopping Mall,Mumbai
3,37500000,3.75 Cr,Malad West,Rustomjee,Malad West is available for purchase at price of ₹3,,ready to move,Malad West Metro Station|5 minutes,Infinity Multi-Speciality Hospital,World of Titan Infiniti mall,Mumbai
3,44000000,4.40 Cr,Powai,L&T Realty,,,ready to move,Hiranandani Powai Bus Station Bus Stop,Powai Hospital,DMart,Mumbai
2,30000000,3 Cr,Bandra East,Gurukripa Builders,,,ready to move,Bandra-Kurla Complex Metro Station|5 minutes,Shivam Nursing Home,Meena Bazar,Mumbai
2,25270000,2.52 Cr,Goregaon West,Rishabraj Estate Developers Pvt Ltd,Rishabraj Avyaana,,Dec '29,Lower Malad Metro Station|5 minutes,Suvidha Hospital & Polyclinic,InOrbit Mall,Mumbai
3,62500000,6.25 Cr,Bandra East,Dheeraj Realty,,,ready to move,Bandra-Kurla Complex Metro Station|10 minutes,Shivam Nursing Home,VN Mall,Mumbai
2,11000000,1.10 Cr,Mira Road East,Delta Realty,Mira Road East is available at the price of ₹1,761.0,ready to move,Mira Road Railway Station,Deepak Hospital,Sahakari Bhandar,Mumbai
4,144417000,14.44 Cr,Prabhadevi,Rustomjee,Prabhadevi is available for purchase at price of ₹14,,ready to move,,Pandit Madan Mohan Malvia Central Hospital,Vijay Sales,Mumbai
2,21200000,2.12 Cr,Kandivali East,SD Corporation Pvt. Ltd.,Sd Siennaa,,ready to move,Poisar Metro Station|5 minutes,Shreeji Hospital,Thakur Mall Kandivali East,Mumbai
1,12500000,1.25 Cr,Malad West,Gurukrupa Group,,,ready to move,Malad West Metro Station|5 minutes,Sun Hospital,Croma,Mumbai
2,37000000,3.70 Cr,Matunga East,Lodha Developers Limited,,,Oct '26,Matunga Station (W) Bus Stop,Hinduja Hospital,Arya Bhavan,Mumbai
3,21000000,2.10 Cr,Bhandup West,Lodha Developers Limited,,,ready to move,Jangal Mangal Road,Dr. Meena`s Multispeciality Hospital Bhandup,,Mumbai
1,10400000,1.04 Cr,Powai,B G Shirke Group of Companies,,480.0,ready to move,Hiranandani Powai Bus Station Bus Stop,Dr. Babasaheb Ambedkar BMC Hospital,Haiko Mall,Mumbai
2,25100000,2.51 Cr,Powai,Ekta World,a well-connected area of Powai,800.0,ready to move,Kensington Sez-1 Bus Stop,Dr. L H. Hiranandani Hospital,Empire Plaza,Mumbai
3,49000000,4.90 Cr,Andheri East,Oberoi Realty Ltd.,,890.0,ready to move,"Andheri metro station, Mumbai|5 minutes",Sharada Nursing Home,Metro Mart NX,Mumbai
4,77500500,7.75 Cr,Kandivali East,Godrej Properties,,2100.0,Jun '30,Poisar Metro Station|5 minutes,Apex Hospital,Thakur Mall Kandivali East,Mumbai
3,66500000,6.65 Cr,Shivaji Park,Sugee Developer Pvt Ltd,Shivaji Park is available at the price of ₹6,1109.0,Mar '28,,Symbiosis Speciality Hospital.,,Mumbai
3,97500000,9.75 Cr,Bandra West,Supreme Universal,,,ready to move,Bandra Bus Stop,Lilavati Hospital and Research Centre,Shoppers Stop,Mumbai
2,17800000,1.78 Cr,Ghatkopar East,Elite Group,Adityaraj Gateway,577.0,ready to move,Ghatkopar Railway Station,Kamdar Nursing Home,R Odeon Mall,Mumbai
3,43300000,4.33 Cr,Chembur East,Hubtown Ltd.,,,ready to move,,Sushrut Hospital,,Mumbai
2,34000000,3.40 Cr,Powai,L & T Realty,Powai is available for purchase at price of ₹3,,Dec '28,Kensington Society Bus Stop,Dr L H Hiranandani Hospital,Galleria Shopping Mall,Mumbai
2,30600000,3.06 Cr,Chinchpokli,Darshan Properties Group,,800.0,Dec '30,,,,Mumbai
2,18811000,1.88 Cr,Mulund West,Metro Group,a well-connected area of Mulund West,650.0,Dec '27,Santoshi Mata Mandir Bus Stop,ESIC Hospital,R Galleria,Mumbai
1,12800000,1.28 Cr,Andheri West,CHANDIWALA ENTERPRISES PVT LTD,,455.0,Dec '28,"Azad Nagar metro station, Mumbai|5 minutes",Kulkarni Hospital,Crystal Point Mall,Mumbai
3,56015000,5.60 Cr,Lal Baug,Bhoomi Properties,a well-connected area of Lal Baug,1318.0,Sep '31,,,Roxy Mall,Mumbai
2,19500000,1.95 Cr,Bhandup West,Kalpataru Ltd.,Bhandup West is available at the price of ₹1,778.0,ready to move,Nahur Railway Station Bus Stop,Dr. Meena`s Multispeciality Hospital Bhandup,,Mumbai
4,94800000,9.48 Cr,Vile Parle West,Chandak Group,,1885.0,Dec '29,Vile Parle (W) or Ashoka Hall Bus Stop,Nanavati,Prime Mall,Mumbai
3,63499317,6.34 Cr,Matunga West,Rustomjee,a well-connected area of Matunga West,1407.0,Dec '29,,Rashiv Diagnostic Centre,,Mumbai
4,42800000,4.28 Cr,Mindspace,EMBASSY ENTERPRISES,Embassy Marquis Residences,1339.0,Mar '27,,Criticare Asia Hospital,Palm Court Shopping Complex,Mumbai
2,18300000,1.83 Cr,Mulund West,L&T Realty,,612.0,ready to move,Mulund Railway Station (W) Bus Stop,ESIC Hospital,Nirmal Lifestyle II Mall,Mumbai
2,27000000,2.70 Cr,Byculla East,Ruparel Realty,Byculla East is available at the price of ₹2,,May '28,Byculla Station (E) Bus Stop,Masina Hospital Trust,,Mumbai
3,34800000,3.48 Cr,Mulund West,Piramal Realty,,1145.0,Dec '27,Mulund Depot Bus Stop,Apex Hospitals Mulund,Food Bazaar,Mumbai
3,33002000,3.30 Cr,Kanjurmarg,K Raheja Corp,,1138.0,Nov '29,Bhandup Railway Station,Ankur Hospital,,Mumbai
6,73000000,7.30 Cr,Sai Baba Nagar,IR JPV Estates Pvt. Ltd.,,2100.0,Mar '29,,,,Mumbai
2,19635000,1.96 Cr,Kandivali West,Shivani Builders and Developers,,714.0,Mar '28,Mahavir Nagar Metro Station|5 minutes,Nidhi Nursing Home,Apna Bazar,Mumbai
5,116400000,11.64 Cr,Lower Parel West,K Raheja Corp,,2077.0,Dec '29,,,,Mumbai
2,21632000,2.16 Cr,Borivali West,MS Infrastructure,a well-connected area of Borivali West,676.0,Dec '26,Borivali (West) Metro Station|5 minutes,MM Hospital,Moksh Plaza Mall,Mumbai
2,20460000,2.04 Cr,Borivali West,Romell Group,,682.0,ready to move,Borivali (West) Metro Station|5 minutes,Sun Super Specialist,N-MORE,Mumbai
4,120000000,12 Cr,1600 sqft,Panchavati Developers,Bandra West is available at the price of ₹12 Cr,,ready to move,Bandra Railway Station (W) Bus Stop,Lilavati Hospital and Research Centre,Shoppers Stop,Mumbai
2,11872000,1.18 Cr,Silver Park,Techovision Realtors LLP.,,,ready to move,,HR Hospital,,Mumbai
2,16900000,1.69 Cr,Mulund West,Atul Projects,,691.0,Dec '28,Santoshi Mata Mandir Bus Stop,Siddharth Hospital,Marathon Max Mall,Mumbai
4,84900931,8.49 Cr,Senapati Bapat Marg,Lodha Developers Limited,,,ready to move,,Fortis SL Raheja Hospital,,Mumbai
4,69000000,6.90 Cr,total 1775 sqft,Adani Realty & RC Group,,,Oct '28,"Azad Nagar metro station, Mumbai|5 minutes",Zest,Citi Mall,Mumbai
2,26788000,2.67 Cr,Sion East,Ten X Realty Limited,Ten X The Address By Gs Sion,,Dec '29,,Dr Abhyankar Hospital,Prime Mall,Mumbai
4,68200000,6.82 Cr,Kasam Nagar,Adani Realty & RC Group,a well-connected area of Kasam Nagar,,Mar '27,,,,Mumbai
2,28497800,2.84 Cr,Borivali East,Chandak Group,,,Dec '26,Magathane Metro Station|5 minutes,DMS Laser Eye Hospital,The Zone Mall,Mumbai
2,21000000,2.10 Cr,Anand Nagar,N Rose Developers Pvt. Ltd.,,701.0,ready to move,Anand Nagar Metro Station,Sukhda Heart and Women Care,,Mumbai
2,24000000,2.40 Cr,Goregaon West,Sunteck Realty Ltd.,,,,Lower Malad Metro Station,Prarthana Hospital and ICU,New Star Bazar,Mumbai
2,14400000,1.44 Cr,Mulund West,The Wadhwa Group & MICL & Chandak Group,,623.0,ready to move,Mulund Railway Station (W) Bus Stop,Padmashree Endoscopy Center,Star Bazaar,Mumbai
3,24399012,2.43 Cr,Bhandup West,Godrej Properties,,901.0,Dec '27,Tank Road Bus Stop,Badwik Hospital,,Mumbai
2,35000000,3.50 Cr,Matunga East,Lodha Developers Limited,,820.0,Dec '27,Matunga Railway Station (E) Bus Stop,Pai Hospital, Raghuleela Mega Mall,Mumbai
1,7050000,70.5 Lac,Beverly Park,Raj Realtors,,426.0,Dec '29,,Karuna,,Mumbai
3,28000000,2.80 Cr,Nahur East,Neelam Realtors,,1125.0,Dec '27,,Fortis Hospital,Neptune Magnet,Mumbai
3,52700000,5.27 Cr,Malad West,Narang Propco Private Limited,,1401.0,Jun '27,Malad West Metro Station|5 minutes,Sun Hospital,World of Titan Infiniti mall,Mumbai
3,38600000,3.86 Cr,1074 sqft,Lodha Developers Limited,Lodha Riservo,,Mar '27,Vikhroli Station Road (W) Bus Stop,PRK Hospital,R City Mall,Mumbai
2,18749700,1.87 Cr,Chembur,Roswalt Realty,,,Dec '28,Dr. Ambedkar Udyaan \u002F Chembur Railway Station Bus Stop,Kolekar Hospital,Cubic Mall,Mumbai
3,147200000,14.72 Cr,Worli Naka,Embassy Group,Worli Naka,1840.0,Dec '32,,,,Mumbai
2,24500000,2.45 Cr,Ashok Nagar Collector Colony,Roswalt Realty,,,Dec '29,,,,Mumbai
1,6399000,64 Lac,Dahisar East,Sanghvi Premises,,430.0,Dec '27,Dahisar Metro Station|5 minutes,Ashok Hospital,BB-THAKUR MALL,Mumbai
2,15886000,1.58 Cr,Marol,I STAY HOUSING PRIVATE LIMITED,,611.0,Dec '28,Marol Naka Metro Station|5 minutes,Chiranjeevi Hospital,Phoenix Marketcity Mall,Mumbai
3,65000000,6.50 Cr,Andheri West,Lashkaria Group,,1100.0,Dec '26,"Azad Nagar metro station, Mumbai|5 minutes",Bluebell,Pvr - Citi Mall,Mumbai
3,25000000,2.50 Cr,Wadala East,Siddha Group,,,Dec '27,Wadala Bridge Monorail Station,,,Mumbai
1,13100000,1.31 Cr,Kanjurmarg West,Runwal Group,Kanjurmarg West is available at the price of ₹1,430.0,ready to move,Kanjur Marg Station (W) Bus Stop,,,Mumbai
2,27500000,2.75 Cr,Kandivali West,House of Hiranandani,,,Dec '26,Mahavir Nagar Metro Station|5 minutes,Shivam Hospital Super Multispeciality Hospital,Sunrays Shopping Center,Mumbai
2,14546500,1.45 Cr,Kandivali West,BHAIRAV SMILE INFRAPROJECTS,a well-connected area of Kandivali West,,Sep '27,Mahavir Nagar Metro Station|5 minutes,Jaydeep Hospital,Akruti Shopping Centre,Mumbai
2,16000000,1.60 Cr,Sarvodaya Nagar,Arkade Group,,,Dec '26,,,Sant Shree Mastaram Cycle,Mumbai
1,12100000,1.21 Cr,421 sqft,Yukti Infraprojects LLP,,,Dec '27,Malad West Metro Station|5 minutes,Infinity Multi-Speciality Hospital,World of Titan Infiniti mall,Mumbai
3,64400000,6.44 Cr,Byculla,Lodha Developers Limited,,1162.0,Dec '26,Byculla Station (E) Bus Stop,Balaji Hospital,,Mumbai
2,4695000,47 Lac,Chikhal Dongari,Vinay Unique Group,,559.0,ready to move,,,,Mumbai
3,67500000,6.75 Cr,1092 sqft,Lodha Developers Limited,,,ready to move,Worli Metro Station|5 minutes,Shobha Hospital,Atria Mall,Mumbai
2,18400000,1.84 Cr,Chunabhatti,Sheth Builders Pvt. Ltd.,a well-connected area of Chunabhatti,,Dec '27,Chunabhatti Railway Station,,,Mumbai
4,42000000,4.20 Cr,Ashok Van,N Rose Developers Pvt. Ltd.,,1294.0,ready to move,,Ashok Hospital,,Mumbai
2,27420000,2.74 Cr,Borivali East,Matrubhumi Construction Private Ltd,,914.0,Dec '27,Magathane Metro Station|5 minutes,Apex Multispeciality Hospital,The Zone Mall,Mumbai
2,17500000,1.75 Cr,Kanjurmarg West,Runwal Group,Kanjurmarg West,661.0,ready to move,Kanjur Marg Station (W) Bus Stop,,,Mumbai
2,23500000,2.35 Cr,Thakur Village,SD Corporation Pvt. Ltd.,a well-connected area of Thakur Village,,Dec '26,,Satya Specialist Hospital,Growels 101,Mumbai
3,32000000,3.20 Cr,Sai Baba Nagar,Unique Shanti Developers Pvt. Ltd.,,963.0,Dec '28,,,,Mumbai
4,240000000,24 Cr,Lower Parel,India Bulls Real Estate Ltd..,,,ready to move,Lower Parel Metro Station|5 minutes,Mansi Maternity Nursing Home,Quantum Mall,Mumbai
3,14600000,1.46 Cr,Mira Road,JP Infra,Jp Infra Mira Road,,Dec '28,Mira Road Railway Station,Bhakti Vedant Hospital,PVR Cinemas,Mumbai
4,265000000,26.50 Cr,Mount Mary,25 West Realty Private Limited,,2794.0,Jun '32,,,,Mumbai
3,24800000,2.48 Cr,Goregaon West,Axiom Refab Construction India Pvt Ltd,,901.0,Mar '30,Lower Malad Metro Station|5 minutes,Shiddhart BMC Hospital,InOrbit Mall,Mumbai
2,41500000,4.15 Cr,Tardeo,Crystal Progressive LLP,,,Mar '29,,Jaslok Hospital & Research Centre,Heera Punna,Mumbai
2,27040000,2.70 Cr,Shantaram Talao,L & T Realty,,845.0,Oct '30,Mulund (E) Bus Stop,St. Mary Hospital,A - Mart Super Market,Mumbai
4,120000000,12 Cr,Thakur Village,Viceroy Properties,Viceroy Prive which is a 3 years old construction,2299.0,Dec '27,,Satya Specialist Hospital,Reliance Mall Borivali,Mumbai
2,23198400,2.31 Cr,Sai Baba Nagar,Shelaji Group,Shelaji Gold Leaf,716.0,,,,,Mumbai
3,20300000,2.03 Cr,Chembur,Rare Townships,,945.0,ready to move,Chembur Railway Station,Jai Hind Hospital,R City Mallphoenix Marketcity,Mumbai
1,3800000,38 Lac,Palghar Naigaon East,Impactum Lands Private Limited,,323.0,Dec '28,Mira Road Railway Station,,,Mumbai
2,14900000,1.49 Cr,Malad West,Dotom Realty,,616.0,Jun '28,Malad West Metro Station|5 minutes,Criticare Asia Hospital,Fbb,Mumbai
4,75348000,7.53 Cr,Vikhroli West,Lodha Developers Limited,Lodha Riservo which is a 3 years old construction,,Sep '28,Vikhroli Station Road (W) Bus Stop,Shripad Hospital,R City Mall,Mumbai
3,60000000,6 Cr,Worli,Lodha Developers Limited,,975.0,ready to move,Worli Metro Station|5 minutes,Peoples Mobile Hospital,BIg Bazaar,Mumbai
2,23000000,2.30 Cr,Jogeshwari Vikhroli Link Road,Kalpataru Ltd.,,718.0,Dec '26,,Troma Hospital,,Mumbai
3,45000000,4.50 Cr,Fort,Aplite Group,,1145.0,Feb '28,Chhatrapati Shivaji Maharaj Terminus,Masingh Jassasingh Ent Hospital,Jain Chemists,Mumbai
3,34300000,3.43 Cr,Deonar Chembur,Supreme Universal,Deonar Chembur is available at the price of ₹3,938.0,Dec '29,,Jai Hind Hospital,,Mumbai
3,31434000,3.14 Cr,Magathane,CCI Projects Pvt. Ltd.,,1014.0,Dec '26,,Apex Mutispeciality Hospital,,Mumbai
2,32500000,3.25 Cr,Mulund West,Ashwin Sheth Group and Emami Group,a well-connected area of Mulund West,1338.0,,Mulund Railway Station (W) Bus Stop,Apex Hospitals Mulund,Food Bazaar,Mumbai
3,88500000,8.85 Cr,Juhu,Kalpataru Limited,a well-connected area of Juhu,,Nov '27,Juhu Beach Bus Stop,Sujay Hospital,Silver Beach Cafe,Mumbai
2,17800000,1.78 Cr,Bhandup West,Godrej Properties,,,Jul '28,Nahur Railway Station,A.P.S. Multi-speciality Hospital and ICCU (Central),,Mumbai
3,160000000,16 Cr,Worli,Godrej Properties,,1774.0,Dec '34,Worli Metro Station|5 minutes,Peoples Mobile Hospital,BIg Bazaar,Mumbai
3,173655000,17.36 Cr,Azad Nagar Parel,Ruparel Realty,,1029.0,Dec '26,,,,Mumbai
3,31376000,3.13 Cr,Malad West,AJMERA BOULEVARD PRIVATE LIMITED,,,dec '26,Malad West Metro Station|5 minutes,Vivanta Milti Speciality Hospital,World of Titan Infiniti mall,Mumbai
4,1500000000,150 Cr,Goregaon East,Oberoi Realty Ltd.,Goregaon East,,jun '27,Aarey Metro Station|5 minutes,Hira Surgical,Orchard Road Mall,Mumbai
4,142500000,14.25 Cr,Worli Naka,Embassy Group,,1840.0,Dec '31,,,,Mumbai
2,21000000,2.10 Cr,Lokhandwala Township,Lokhandwala Builders,,,ready to move,,Apex Hospital,Centrium Mall,Mumbai
3,29820000,2.98 Cr,Sion East,TransIndia Group,,,Dec '30,,Dr Abhyankar Hospital,Phoenix Marketcity Mall,Mumbai
1,25220000,2.52 Cr,Shivaji Park,Suraj Estate Developers,,470.0,Dec '30,,Symbiosis Speciality Hospital.,,Mumbai
3,57985000,5.79 Cr,Santacruz West,Ruparel Realty,,,ready to move,Santacruz Police Station \u002F V.P. Road Bus Stop,Surya Hospital,Milan Mall,Mumbai
3,67293000,6.72 Cr,Bandra East,Rustomjee,Bandra East is available at the price of ₹6,,Mar '30,Bandra-Kurla Complex Metro Station|5 minutes,Dr Aggarwal Children Hospital,VN Mall,Mumbai
3,32500000,3.25 Cr,total 960 sqft,Roswalt Realty,,,Dec '27,Tilak Nagar Railway Station (Harbour Line),Kolekar Hospital,Food Bazaar,Mumbai
2,33300000,3.33 Cr,Khar West,Sosar Group,,636.0,Dec '28,,Maharashtra State Women Hospital,Deliciae Patisserie by Bunty Mahajan,Mumbai
4,215100000,21.51 Cr,2307 sqft,Kalpataru Ltd.,,,Dec '27,,Pandit Madan Mohan Malvia Central Hospital,Vijay Sales,Mumbai
5,300000000,30 Cr,Andheri West,Windsor Realty,,,ready to move,"Azad Nagar metro station, Mumbai|5 minutes",Zest,Crystal Point Mall,Mumbai
2,30000000,3 Cr,Andheri West,Gurukrupa Realcon,Andheri West is available for purchase at price of ₹3,,apr '29,"Azad Nagar metro station, Mumbai|5 minutes",Lion Kartar Singh Hospital,Star Quik,Mumbai
1,17000000,1.70 Cr,Vile Parle East,Panom Developers LLP,,,ready to move,Vile Parle Police Station (E) Bus Stop,Dr Sumitrabai Hospital,Agarwal Market,Mumbai
2,47965284,4.79 Cr,Matunga East,Lodha Developers Limited,,858.0,Dec '28,Matunga Station (W) Bus Stop,Pai Hospital, Raghuleela Mega Mall,Mumbai
4,71300000,7.13 Cr,Andheri West,Veena Developers,,,Dec '29,"Azad Nagar metro station, Mumbai|5 minutes",Bluebell,Navrang Cinema,Mumbai
3,24421650,2.44 Cr,Lal Bahadur Shastri Road,Godrej Properties,Lal Bahadur Shastri Road is available for purchase at price of ₹2,981.0,Mar '28,,Fortis Hospital,Phoenix Market City Kurla,Mumbai
4,105000000,10.50 Cr,Prabhadevi,Rustomjee,a well-connected area of Prabhadevi,,ready to move,,Pandit Madan Mohan Malvia Central Hospital,R City Mall,Mumbai
2,15129000,1.51 Cr,Borivali West,Sethia Infrastructure,,,ready to move,Borivali (West) Metro Station|5 minutes,Arihant and BHC Hospital,D-Victorian Mall,Mumbai
3,6436000,64.4 Lac,Vasai East,JSB Group,,,dec '27,Vasai (E) Bus Stop,IASIS HOSPITAL,Bhajanlal Dairy Farm,Mumbai
1,10872000,1.08 Cr,Charkop,Hum Developers Private Limited,,,dec '31,P. Thackeray Nagar Bus Stop,Apex Hospitals Mulund,R Galleria,Mumbai
3,30304000,3.03 Cr,Marol,Hill View Developers,Hill View Crest Oaks,,dec '27,Marol Naka Metro Station|5 minutes,DR. F. F. Pardiwala,Phoenix Marketcity Mall,Mumbai
3,110000000,11 Cr,Lower Parel,India Bulls Real Estate Ltd..,,2912.0,ready to move,Lower Parel Metro Station|5 minutes,Siddhachal Hospitals,Lifestyle,Mumbai
3,70000000,7 Cr,Santacruz West,Arkade Group,Santacruz West,,Jul '26,Santacruz Police Station \u002F V.P. Road Bus Stop,Surya Multispeciality Hospital,Milan Mall,Mumbai
3,98700000,9.87 Cr,Matunga East,Godrej Properties,,,Jun '27,Matunga Station (W) Bus Stop,Hinduja Hospital,Arya Bhavan,Mumbai
2,15700000,1.57 Cr,Maratha Colony Dahisar,N Rose Developers Pvt. Ltd.,a well-connected area of Maratha Colony Dahisar,647.0,Sep '26,,Kerala Ayuvedashram,,Mumbai
1,10828400,1.08 Cr,Chembur,Chandak Group,,,Dec '30,Chembur Camp Bus Stop,Mangal Anand Hospital,Cubic Mall,Mumbai
2,19000000,1.90 Cr,Powai,Hiranandani Group,,,ready to move,Jama Masjid Bus Stop,Dr. L H. Hiranandani Hospital,Haiko Mall,Mumbai
1,11000000,1.10 Cr,Mulund East,Swastik Realtors,Swastik Divine,438.0,Dec '26,Mulund (E) Bus Stop,Ashirvad Criticare Multispeciality Hospital,A - Mart Super Market,Mumbai
3,25000000,2.50 Cr,Bhandup,Arkade Group,,912.0,Dec '28,Nahur Railway Station,Shayle Nursing Home,Dream The Mall,Mumbai
2,36000000,3.60 Cr,Dadar West,Colo Color Private Limited,Colo Color Sigma Garnet,818.0,Dec '27,Dadar Metro Station|5 minutes,Yashothan Hospital,Star Mall,Mumbai
1,10800000,1.08 Cr,Lokhandwala Township,Godrej Properties,,,Dec '29,,Apex Hospital,Centrium Mall,Mumbai
2,76500000,7.65 Cr,Worli,Birla Estates Private Limited,,850.0,Mar '27,Worli Metro Station|5 minutes,Shobha Hospital,Atria Millennium Mall,Mumbai
2,16932910,1.69 Cr,Goregaon East,Ranbir Developers,Ranbir Green Path which is a 1 years old construction,628.0,Mar '27,Aarey Metro Station|5 minutes,Nalini Speciality Hospital,Oberoi Mall,Mumbai
1,6500000,65 Lac,Vinay Nagar,JP Infra,,450.0,Dec '28,Mira Road Railway Station,Adcare,,Mumbai
2,75768000,7.57 Cr,902 sqft,Ashwin Sheth Group & Y M Infra,,,Dec '29,,,,Mumbai
1,7900000,79 Lac,Lokhandwala Township,Paton and Darshan Developers,Lokhandwala Township,323.0,Sep '26,,Apex Hospital,Centrium Mall,Mumbai
3,50000000,5 Cr,Santacruz West,Hari Builders,,1240.0,ready to move,Santacruz Police Station \u002F V.P. Road Bus Stop,Surya Hospital,Rare Earth,Mumbai
3,46800000,4.68 Cr,Sion West,K Raheja Corp,,1126.0,Sep '27,,,,Mumbai
1,11500000,1.15 Cr,Chembur,Paradigm Realty,,405.0,Dec '26,Chembur Camp Bus Stop,"Zen Multi Speciality Hospital, Chembur, Mumbai",Cubic Mall,Mumbai
2,22200000,2.22 Cr,Andheri East,Dynamix Group,,795.0,Aug '27,"Andheri metro station, Mumbai|5 minutes",SevenHills Hospital,Phoenix Marketcity Mall,Mumbai
4,74453625,7.44 Cr,Malad West,Transcon Developers and Sheth Creators,Malad West is available for purchase at price of ₹7,,,Malad West Metro Station|5 minutes,Prem Kitchen And Bar,"Mothercare, Infiniti Mall",Mumbai
1,6900000,69 Lac,Mira Road,JP Infra,,416.0,Jun '27,Mira Road Railway Station,Dr Pravin Singh,"D Mart, Hatkesh Udhog Nagar",Mumbai
3,29790000,2.97 Cr,Kurla West,Kean Realty and Vanraaj PLS Group,Kurla West,,mar '28,Kurla Railway Station,Bmc Hospital,DMart miniMAX,Mumbai
2,37000000,3.70 Cr,Lokhandwala Complex,RNA NG Builders,Rna Ng Eclat,802.0,ready to move,,Kulkarni Hospital,,Mumbai
3,47500000,4.75 Cr,Kandivali East,Shapoorji Pallonji Real Estate,,,ready to move,Poisar Metro Station|5 minutes,City Multispeciality Hospital,Reliance Mall Borivali,Mumbai
2,21500000,2.15 Cr,Malad West,Atul Projects,,,ready to move,Malad West Metro Station|5 minutes,Adarsh Hospital,Nataraj Market,Mumbai
3,33500000,3.35 Cr,Mulund West,Maverick Realtors,,1055.0,ready to move,Mulund Depot Bus Stop,Siddharth Hospital,Sant Shree Mastaram Cycle,Mumbai
2,12900000,1.29 Cr,Sonapur,Godrej Properties,,,Dec '27,,,,Mumbai
3,35000000,3.50 Cr,Lal Baug,Unatti Builder,Veer Mahal which is a 23 years old construction,,ready to move,,,Roxy Mall,Mumbai
3,64000000,6.40 Cr,Dattapada,Oberoi Realty Ltd.,,1314.0,Jun '27,Rajendra Nagar Bus Stop,Galaxy Multispeciality Hospital,Thakur Mall Kandivali,Mumbai
2,33300000,3.33 Cr,Kanchpada,Transcon Developers and Sheth Creators,,,ready to move,,Prem Kitchen And Bar,,Mumbai
1,14500000,1.45 Cr,Mulund West,Kalpataru Ltd.,,478.0,ready to move,Santoshi Mata Mandir Bus Stop,Padmashree Endoscopy Center,Jawahar Talkies,Mumbai
2,19500000,1.95 Cr,700 sqft,Modi Group,,,Sep '26,Lower Malad Metro Station|5 minutes,Prarthana Hospital and ICU,InOrbit Mall,Mumbai
2,35000000,3.50 Cr,Goregaon East,Lodha Developers Limited,Goregaon East,,ready to move,Aarey Metro Station|5 minutes,Vishwakripa Hospital,Orchard Road Mall,Mumbai
2,18100000,1.81 Cr,Mulund West,Prestige Group,Mulund West,,dec '26,Panch Rasta,Siddharth Hospital,Jawahar Talkies,Mumbai
2,17600000,1.76 Cr,Evershine Nagar,AJMERA BOULEVARD PRIVATE LIMITED,Evershine Nagar,690.0,ready to move,,,,Mumbai
2,29500000,2.95 Cr,Ghatkopar East,Sanghvi Group,,880.0,ready to move,Ghatkopar Railway Station,Kamdar Nursing Home,Platinum Mall,Mumbai
4,308500000,30.85 Cr,3800 sqft,Twenty Five Downtown Realty Limited,,,ready to move,Mahalakshmi Railway Station,Srcc Hospital,,Mumbai
2,23500000,2.35 Cr,Malad East,K. Raheja Realty,,,ready to move,Malad Railway Station (E) Bus Stop,Millat Hospital,Eastern Mall,Mumbai
3,32500000,3.25 Cr,Malad West,Rajesh LifeSpaces,,1065.0,ready to move,Malad West Metro Station|5 minutes,Adarsh Hospital,Fbb,Mumbai
4,91200000,9.12 Cr,Lokhandwala Complex,K Raheja Corp,,1980.0,ready to move,,Kulkarni Hospital,,Mumbai
3,110000000,11 Cr,Mahalakshmi,Lokhandwala Infrastructure,Mahalakshmi,,ready to move,Sant Gadge Maharaj Monorail Station,All India Institute Of Physical Medicine And Rehabilitation,,Mumbai
3,70000000,7 Cr,Linking Road,Platinum Corp,,1080.0,ready to move,,Siddharth Sarvasadharan Hospital,Suburbia Mall,Mumbai
3,28500000,2.85 Cr,Malad West,Shakti and Group of Developer,,,ready to move,Malad West Metro Station|5 minutes,Prem Kitchen And Bar,Palm Court Shopping Complex,Mumbai
2,6600000,66 Lac,Virar West,Agarwal Group,,,ready to move,Bolinj Naka Bus Stop,Sankalpa Hospital,Big Bazaar,Mumbai
2,25000000,2.50 Cr,Andheri East,Dreamax Group,,,ready to move,"Andheri metro station, Mumbai|5 minutes",Ve Care Hospital,Star Market,Mumbai
2,19000000,1.90 Cr,Dadar East,New Look Developer,,525.0,ready to move,Dadar (E) Tt Circle Bus Stop,Dr Karvar Hospital,Hindmata Cinema,Mumbai
3,41000000,4.10 Cr,Mulund West,Lok Housing Group,,1670.0,ready to move,Mulund Depot Bus Stop,Padmashree Endoscopic Centre,Marathon Max Mall,Mumbai
3,25000000,2.50 Cr,Mulund East,Satguru Group,,1000.0,ready to move,Mulund (E) Bus Stop,Ashirvad Criticare Multispeciality Hospital,A - Mart Super Market,Mumbai
2,16500000,1.65 Cr,Veena Nagar,Seth Builders,,,ready to move,,,,Mumbai
2,23000000,2.30 Cr,Mulund East,Neelam Realtors Pvt. Ltd.,,700.0,ready to move,Mulund (E) Bus Stop,Ashirvad Criticare Multispeciality Hospital,A - Mart Super Market,Mumbai
2,14500000,1.45 Cr,Dahisar,Rajhans Constructions,,,ready to move,Dahisar Metro Station|5 minutes,,Thakur Mall,Mumbai
3,54000000,5.40 Cr,Parel,Siroya Constructions,,1200.0,ready to move,Sewree Naka Bus Stop,Santhashree Shantram Foundation Rajkamal Kalamandir Hospital,,Mumbai
1,20000000,2 Cr,Powai,Hiranandani Developers,,,ready to move,Kensington Sez-1 Bus Stop,Nihal Nursing,DMart,Mumbai
2,23500000,2.35 Cr,Kanjurmarg East,Runwal Enterprises,,693.0,ready to move,Bhandup Railway Station,Ankur Hospital,,Mumbai
3,39000000,3.90 Cr,Kurar Village,Omkar Realtors and Developers Pvt. Ltd.,a well-connected area of Kurar Village,,ready to move,,,,Mumbai
1,12420000,1.24 Cr,Azad Nagar,CHANDIWALA ENTERPRISES PVT LTD,,,Dec '30,,,,Mumbai
3,25500000,2.55 Cr,Mulund West,Nirmal Lifestyle,Nirmal City Of Joy,960.0,ready to move,Santoshi Mata Mandir Bus Stop,Upasani Super Speciality Hospital,Dream Mall,Mumbai
3,70000000,7 Cr,Hiranandani Gardens,Hiranandani Group,Hiranandani Gardens Octavius,,ready to move,,Powai Hospital,,Mumbai
2,31500000,3.15 Cr,Vile Parle East,ARG Life Space LLP,Vile Parle East,740.0,Aug '26,Vile Parle Railway Station,Dr. Sumitrabai Wagh Maternity Hospital,Agarwal Market,Mumbai
3,29500000,2.95 Cr,Sambhaji Nagar Mulund West,Ashwin Sheth Group and Emami Group,,1091.0,ready to move,,,,Mumbai
3,77500000,7.75 Cr,Byculla West,Marathon Realty & Adani Group,,1408.0,ready to move,Byculla Station (W) Bus Stop,Balaji Hospital,,Mumbai
2,26000000,2.60 Cr,Thakur Village,SD Corporation Pvt. Ltd.,Thakur Village is available for purchase at price of ₹2,763.0,ready to move,,Satya Specialist Hospital,Reliance Mall Borivali,Mumbai
2,18500000,1.85 Cr,Ghatkopar East,Rare Townships,,634.0,ready to move,Ghatkopar Railway Station,Kamdar Nursing Home,"R City, Neelyog Square",Mumbai
2,16700000,1.67 Cr,Bhandup West,Nathan Properties,,675.0,Jun '28,Nahur Railway Station,SAS Hospital,,Mumbai
3,40500000,4.05 Cr,Goregaon West,Sunteck Realty Ltd.,,1400.0,Jun '30,Lower Malad Metro Station|5 minutes,Prarthana Hospital and ICU,New Star Bazar,Mumbai
3,130135000,13.01 Cr,Gamdevi,Shapoorji Pallonji Real Estate,a well-connected area of Gamdevi,1531.0,Aug '30,Gaondevi Police Station Bus Stop,,Prime Down Town Mall,Mumbai
1,193000,1.9 Lac,Lower Parel,Sanghvi S3 Group,,442.0,Jul '27,Lower Parel Metro Station|5 minutes,Mansi Maternity Nursing Home,Lifestyle,Mumbai
3,34143150,3.41 Cr,Central Area,Nahar Group,,1068.0,Jun '28,,,,Mumbai
1,21601600,2.16 Cr,Jogeshwari West,Sayba Group,Jogeshwari West is available at the price of ₹2,450.0,Jun '29,Lower Oshiwara Metro Station|5 minutes,Mother Care Hospital, R Odeon Mall,Mumbai
3,39000000,3.90 Cr,Shastri Nagar Santacruz West,Dheeraj Realty,,,ready to move,,,,Mumbai
2,23000000,2.30 Cr,Chandivali,Srishti Group,,,ready to move,Oshiwara Police Station Bus Stop,Nahar Medical Center,DMart,Mumbai
2,24000000,2.40 Cr,Santacruz East,Sagar Builders,,,ready to move,Vakola Bridge,R. K. Hospital,Matro Mall,Mumbai
3,12001200,1.20 Cr,Ramdev Park,Pradeep Associates,,856.0,ready to move,,Dr Pravin Singh,,Mumbai
2,22500000,2.25 Cr,Amboli,Can Group,,650.0,ready to move,,Anand Hospital,,Mumbai
3,79999999,7.99 Cr,Kala Nagar,Adani Realty,,1450.0,ready to move,,Guru Nanak Hospital,,Mumbai
2,13034000,1.30 Cr,Beverly Park,Sunteck Realty Ltd.,,665.0,Dec '28,,Karuna,,Mumbai
2,22500000,2.25 Cr,Nahur East,Neelam Realtors,Nahur East,,ready to move,,Fortis Hospital,Neptune Magnet,Mumbai
2,15200000,1.52 Cr,Ghatkopar West,Rockline Group,,,ready to move,Ghatkopar Metro Station|5 minutes,Supreme Multi Speciality Hospital LLP,R City Mall,Mumbai
4,320000000,32 Cr,Haji Ali Government Colony,Piramal Realty,Piramal Mahalaxmi,,ready to move,,All India Institute Of Physical Medicine And Rehabilitation,,Mumbai
2,27208750,2.72 Cr,Goregaon West,Kolte Patil Developers,,,Aug '30,Lower Malad Metro Station|5 minutes,Matoshree Gomanti Hospital,New Star Bazar,Mumbai
3,27000000,2.70 Cr,Kanjurmarg East,Runwal Group,,982.0,Jan '28,Bhandup Railway Station,Ankur Hospital,,Mumbai
3,61000000,6.10 Cr,Powai,L & T Realty,Powai is available for purchase at price of ₹6,,Dec '27,Jama Masjid Bus Stop,Dhanvantari,D Mall,Mumbai
2,25000200,2.50 Cr,Borivali East,CCI Projects Pvt. Ltd.,Cci Rivali Park Skyleap,950.0,Jul '32,Magathane Metro Station|5 minutes,DMS Laser Eye Hospital,Thakur Mall Kandivali,Mumbai
1,11600000,1.16 Cr,Kurla West,Omkar Realtors and Developers Pvt. Ltd.,,410.0,ready to move,Kurla Railway Station,CritiCare Asia Multi Specialty Hospital,Max star,Mumbai
2,19001500,1.90 Cr,Chembur,Roswalt Realty,,700.0,Dec '29,Ashok Nagar Bus Stop,Jai Hind Hospital,K Stars Mall,Mumbai
2,23914500,2.39 Cr,Chembur,Roswalt Realty,a well-connected area of Chembur,,Dec '27,Chembur Camp Bus Stop,Mangal Anand Hospital,K Star Mall,Mumbai
2,42000000,4.20 Cr,Mahim,Shagun Builders and Yatee Real Estate Pvt. Ltd.,,,ready to move,Mahim Junction Railway Station,Radhibai Watumull Chest Hospital,Phoenix Marketcity Mall,Mumbai
3,50000000,5 Cr,Vikhroli East,Godrej Properties,,1250.0,ready to move,Vikhroli Police Station Bus Stop,Adi Arogyam Suman Ramesh Tulsiani Hospital,,Mumbai
3,42500000,4.25 Cr,Malad East,Omkar Realtors and Developers Pvt. Ltd.,,,ready to move,Malad Railway Station (E) Bus Stop,Suvidha,Express Zone Mall,Mumbai
3,50000000,5 Cr,Gokuldham,DB Realty Pvt. Ltd.,Gokuldham is available at the price of ₹5 Cr,1350.0,ready to move,,,,Mumbai
4,167500000,16.75 Cr,Worli,Raheja Universal Pvt. Ltd.,,1800.0,ready to move,Worli Metro Station|5 minutes,Shobha Hospital,BIg Bazaar,Mumbai
2,23900000,2.39 Cr,Mulund West,Piramal Realty,Mulund West,855.0,Dec '27,Mulund Depot Bus Stop,Padmashree Nursing Home,Nirmal Lifestyle II Mall,Mumbai
3,150000000,15 Cr,1560 sqft,Lodha Developers Limited,,,,Prem Nagar Bus Stop,St. Elizabeth's Hospital,,Mumbai
2,26500000,2.65 Cr,Borivali East,CCI Projects Pvt. Ltd.,,814.0,Jul '32,Magathane Metro Station|5 minutes,Galaxy Multispeciality Hospital,Thakur Mall Kandivali,Mumbai
3,69900000,6.99 Cr,Chandivali,L & T Realty,,,ready to move,Oshiwara Police Station Bus Stop,Pranjali Hospital,DMart,Mumbai
2,30000000,3 Cr,Parel,Omkar Realtors and Developers Pvt. Ltd.,,750.0,ready to move,Sewree Naka Bus Stop,P.D. Hinduja Hospital,,Mumbai
1,5900000,59 Lac,Vinay Nagar,Seven Eleven Construction Pvt. Ltd,,,ready to move,Mira Road Railway Station,Adcare,,Mumbai
1,11200000,1.12 Cr,kshitij apartment Goregaon East,Kshitij Builders & Developers,kshitij apartment Goregaon East,430.0,ready to move,,,,Mumbai
2,25000000,2.50 Cr,Wadala East,Lodha Group,Wadala East is available at the price of ₹2,640.0,ready to move,Wadala Bridge Monorail Station,,,Mumbai
2,10500000,1.05 Cr,Mira Road,Hubtown Ltd.,Mira Road,,ready to move,Mira Road Railway Station,Bhakti Vedant Hospital,PVR Cinemas,Mumbai
2,9500000,95 Lac,Mira Road,Cooperative Group Housing Society,,,ready to move,Mira Road Railway Station,Manihar Hospital,PVR Cinemas,Mumbai
4,135000000,13.50 Cr,Kandivali East,Raheja Universal Pvt. Ltd.,a well-connected area of Kandivali East,2214.0,ready to move,Poisar Metro Station|5 minutes,City Multispeciality Hospital,Thakur Mall Kandivali East,Mumbai
2,25800000,2.58 Cr,Goregaon West,Sunteck Realty Ltd.,,645.0,ready to move,Lower Malad Metro Station,SRV Hospitals - Goregaon,New Star Bazar,Mumbai
4,75100000,7.51 Cr,Dattapada,CCI Projects Pvt. Ltd.,Dattapada is available at the price of ₹7,1900.0,ready to move,Rajendra Nagar Bus Stop,Galaxy Multispeciality Hospital,Thakur Mall Kandivali,Mumbai
3,42500000,4.25 Cr,Andheri East,Lodha Developers Limited,,1300.0,ready to move,"Andheri metro station, Mumbai|5 minutes",Lt Hospital,Star Market,Mumbai
3,32000000,3.20 Cr,Kanjur Village,Aadi Properties,Kanjur Village,1360.0,ready to move,,,,Mumbai
2,24500000,2.45 Cr,Malad West,K Raheja Realty,,,ready to move,Malad West Metro Station|5 minutes,Adarsh Hospital,Inorbit Mall ,Mumbai
4,105000000,10.50 Cr,Andheri East,Sheth Creators,Andheri East,,ready to move,"Andheri metro station, Mumbai|5 minutes",DR. F. F. Pardiwala,Akruti One World Mall,Mumbai
2,22500000,2.25 Cr,Mulund West,Ashwin Sheth Group and Emami Group,,765.0,ready to move,Mulund Depot Bus Stop,Padmashree Nursing Home,Nirmal Lifestyle II Mall,Mumbai
3,41000000,4.10 Cr,Borivali West,Amann Group,,,ready to move,Borivali (West) Metro Station|5 minutes,Madhav Baug,D-Victorian Mall,Mumbai
1,11500000,1.15 Cr,Kandivali West,Hiral Homes,,,ready to move,Mahavir Nagar Metro Station|5 minutes,Shlokam Healthcare,Raghuleela Mall,Mumbai
4,125000000,12.50 Cr,Malad East,Omkar Realtors and Developers Pvt. Ltd.,Omkar Alta Monte which is a 9 years old construction,3311.0,ready to move,Malad Railway Station (E) Bus Stop,Sudha Hospital,Metro Bazaar,Mumbai
2,19900000,1.99 Cr,Thakur Complex,Kanakia Spaces Realty Pvt. Ltd.,Thakur Complex is available for purchase at price of ₹1,,ready to move,Suruchi \u002F Kankia Park Bus Stop,,,Mumbai
3,42300000,4.23 Cr,Powai,Hiranandani Developers,Powai,,ready to move,Kensington Sez-1 Bus Stop,Nihal Nursing,D Mall,Mumbai
1,14000000,1.40 Cr,Kanjurmarg East,Kanakia Spaces Realty Pvt. Ltd.,a well-connected area of Kanjurmarg East,449.0,ready to move,Bhandup Railway Station,Ankur Hospital,,Mumbai
2,20500000,2.05 Cr,Orlem,Metro Associates,,640.0,ready to move,,,,Mumbai
2,14000000,1.40 Cr,Nahur East,Kings Builders and Developers,,,ready to move,,Fortis Hospital,Neptune Magnet,Mumbai
6,68000000,6.80 Cr,Bandra West,Pardis Tirumala LLP,,,Jul '26,Bandra Railway Station (W) Bus Stop,Lilavati Hospital and Research Centre,Shoppers Stop,Mumbai
1,12000000,1.20 Cr,Mulund East,Milind and Associates,,455.0,ready to move,Mulund (E) Bus Stop,Ashirvad Criticare Multispeciality Hospital,A - Mart Super Market,Mumbai
2,19700000,1.97 Cr,Ashok Nagar Kandivali East,Benzer Group,Ashok Nagar Kandivali East is available for purchase at price of ₹1,,ready to move,,Shreeji Hospital,,Mumbai
3,97000000,9.70 Cr,Shivaji Park,Prathamesh Developers,,1265.0,Nov '26,,Symbiosis Speciality Hospital.,,Mumbai
2,24000000,2.40 Cr,Govandi,MJ Shah,,925.0,ready to move,Lallubhai Compound or Dr.Ambedkar Chowk Bus Stop,,Phoenix Marketcity Mall,Mumbai
2,18800000,1.88 Cr,Wadala East,Ajmera Realty & Infra India Ltd.,,,ready to move,Wadala Bridge Monorail Station,,,Mumbai
1,7700000,77 Lac,Mira Road,SK Heights Pvt. Ltd,,,ready to move,Mira Road Railway Station,Bhakti Vedant Hospital,"D Mart, Hatkesh Udhog Nagar",Mumbai
1,12000000,1.20 Cr,Siddheshwar Nagar,Omkar Realtors and Developers Pvt. Ltd.,,333.0,ready to move,,,,Mumbai
2,17500000,1.75 Cr,Jogeshwari East,Nexus Builders,a well-connected area of Jogeshwari East,,,Mogra Metro Station|5 minutes,Swapnapurti Hospital,,Mumbai
1,11000000,1.10 Cr,Goregaon East,Mantri Realty Ltd.,,495.0,ready to move,Aarey Metro Station|5 minutes,Hira Surgical,"The Hub Mall,",Mumbai
2,24000000,2.40 Cr,Borivali West,Paradigm Realty & Dotom Realty,,715.0,ready to move,Borivali (West) Metro Station|5 minutes,Pulse,N-MORE,Mumbai
3,41100000,4.11 Cr,Chembur,Tricity Reality Pvt. Ltd.,Chembur is available at the price of ₹4,1111.0,ready to move,Dr. Ambedkar Udyaan \u002F Chembur Railway Station Bus Stop,"Zen Multi Speciality Hospital, Chembur, Mumbai",Food Bazaar,Mumbai
3,68000000,6.80 Cr,Powai,L & T Realty,Powai is available for purchase at price of ₹6,1230.0,ready to move,Kensington Society Bus Stop,Dr L H Hiranandani Hospital,Empire Plaza,Mumbai
2,28000000,2.80 Cr,Goregaon East,JP Infra,a well-connected area of Goregaon East,838.0,ready to move,Aarey Metro Station|5 minutes,Nalini Speciality Hospital,"The Hub Mall,",Mumbai
2,29000000,2.90 Cr,Goregaon West,Ekta World,,775.0,ready to move,Lower Malad Metro Station|5 minutes,Kapadia Multi-Speciality Hospital,New Star Bazar,Mumbai
2,20000000,2 Cr,659 sqft,Piramal Realty,,,ready to move,,Padmashree Nursing Home,,Mumbai
1,6100000,61 Lac,Goregaon East,Royal Palms,,500.0,ready to move,Aarey Metro Station|5 minutes,Vishwakripa Hospital,Oberoi Mall,Mumbai
4,102500000,10.25 Cr,Dadar East,Bombay Realty,,2100.0,ready to move,Dadar (E) Tt Circle Bus Stop,Dr Karvar Hospital,Hindmata Mall,Mumbai
3,37800000,3.78 Cr,Goregaon West,Sunteck Realty Ltd.,,1035.0,ready to move,Lower Malad Metro Station,SRV Hospitals - Goregaon,New Star Bazar,Mumbai
1,8000000,80 Lac,Saikrupa Society,SHRADDHA LANDMARK PVT. LTD,,328.0,ready to move,,,,Mumbai
3,37500000,3.75 Cr,Goregaon West,AOS Developments,,,ready to move,Lower Malad Metro Station|5 minutes,Kapadia Multispeciality Hospital,Vijay Sales,Mumbai
3,36000000,3.60 Cr,LBS Road,L&T Realty,,1050.0,ready to move,,,,Mumbai
2,18500000,1.85 Cr,Malad West,Transcon Developers and Sheth Creators,,617.0,ready to move,Malad West Metro Station|5 minutes,Surana Hospital & Research Centre,Fbb,Mumbai
2,15500000,1.55 Cr,Mira Road,Tanvi Group,,,ready to move,Mira Road Railway Station,Bharat Ratna Indira Gandhi Hospital,"D Mart, Hatkesh Udhog Nagar",Mumbai
1,9750000,97.5 Lac,Borivali East,Dimples Group,Borivali East is available at the price of ₹97,,ready to move,Magathane Metro Station|5 minutes,Indira IVF,The Zone Mall,Mumbai
3,47500000,4.75 Cr,Borivali East,Oberoi Realty Ltd.,Borivali East is available at the price of ₹4,1073.0,ready to move,Magathane Metro Station|5 minutes,DMS Laser Eye Hospital,The Zone Mall,Mumbai
3,44800000,4.48 Cr,Malad West,Transcon Developers and Sheth Creators,,,ready to move,Malad West Metro Station|5 minutes,Vivanta Milti Speciality Hospital,Croma,Mumbai
3,46000000,4.60 Cr,Malad West,Transcon Developers and Sheth Creators,Malad West is available at the price of ₹4,1233.0,ready to move,Malad West Metro Station|5 minutes,Surana Hospital & Research Centre,Palm Court Shopping Complex,Mumbai
1,9000000,90 Lac,Malad West,Cooperative Group Housing Society,Malad West,440.0,ready to move,Malad West Metro Station|5 minutes,Infinity Multi-Speciality Hospital,World of Titan Infiniti mall,Mumbai
2,7700000,77 Lac,Nalasopara,Reliable Group,,,ready to move,Tulinj Police Station Bus Stop,Vijayalaxmi Hospital,Om Plaza Commercial Complex,Mumbai
3,99000000,9.90 Cr,Sion,Lodha Group,,1795.0,Apr '27,Chunabhatti Railway Station,Dr Abhyankar Hospital,Phoenix Marketcity Mall,Mumbai
3,79900000,7.99 Cr,Matunga East,Shreepati Group,Matunga East is available for purchase at price of ₹7,1200.0,ready to move,Matunga Railway Station (E) Bus Stop,Hinduja Hospital,Arya Bhavan,Mumbai
1,11800000,1.18 Cr,Kurla West,Cooperative Group Housing Society,,,ready to move,Kurla Station (W) Bus Stop,CritiCare Asia Multi Specialty Hospital,DMart miniMAX,Mumbai
1,10300000,1.03 Cr,Vikhroli East,Swastik Group,Vikhroli East is available for purchase at price of ₹1,418.0,ready to move,Vikhroli Police Station Bus Stop,Adi Arogyam Hospital,,Mumbai
2,23500000,2.35 Cr,Mulund West,L&T Realty,,752.0,ready to move,Mulund Depot Bus Stop,Siddharth Hospital,Jawahar Talkies,Mumbai
3,27500000,2.75 Cr,Mulund West,Nirmal Life Style,,1000.0,ready to move,Mulund Depot Bus Stop,"Manisha Universal Multispeciality Hospital, Mulund",R-Mall,Mumbai
1,12000000,1.20 Cr,Vakola,Cooperative Group Housing Society,,485.0,ready to move,Sahar P & T Colony No.2 Bus Stop,,Hi- Life Mall,Mumbai
2,4600000,46 Lac,Palghar Naigaon East,Sunteck Realty Ltd.,,570.0,ready to move,Mira Road Railway Station,,,Mumbai
2,9500000,95 Lac,Goregaon East,Royal Palms,,,ready to move,Aarey Metro Station|5 minutes,Hira Surgical,"The Hub Mall,",Mumbai
2,18000000,1.80 Cr,630 sqft,The Wadhwa Group,,,ready to move,Ghatkopar Metro Station|5 minutes,Satyam Hospital,R City Mall,Mumbai
2,23000000,2.30 Cr,Andheri West,Matra Realty Ltd.,,700.0,ready to move,"Azad Nagar metro station, Mumbai|5 minutes",Bluebell,Ceramic Mall,Mumbai
1,11000000,1.10 Cr,Borivali,Apex Infratec Pvt Ltd,,,ready to move,Mandapeshwar IC Colony Metro Station|5 minutes,Ellait Hospital,Sai Shopping Mall,Mumbai
1,7500000,75 Lac,Vinay Nagar,Unique Shanti Developers Pvt. Ltd.,,490.0,ready to move,Mira Road Railway Station,Adcare,,Mumbai
2,19000000,1.90 Cr,Mulund West,GHP Group,,,ready to move,Santoshi Mata Mandir Bus Stop,Padmashree Nursing Home,Sant Shree Mastaram Cycle,Mumbai
3,70000000,7 Cr,Bandra East,Kalpataru Ltd.,,1121.0,ready to move,Bandra-Kurla Complex Metro Station|5 minutes,Shivam Nursing Home,Meena Bazar,Mumbai
2,22500000,2.25 Cr,700 sqft,Godrej Properties,,,ready to move,Dr. Ambedkar Udyaan \u002F Chembur Railway Station Bus Stop,Jai Hind Hospital,R City Mallphoenix Marketcity,Mumbai
4,106000000,10.60 Cr,Andheri East,Sheth Creators,,1867.0,ready to move,"Andheri metro station, Mumbai|5 minutes",Ve Care Hospital,Star Market,Mumbai
3,31000000,3.10 Cr,Chembur West,MM Group,,,ready to move,,Surana Sethia Hospital,,Mumbai
1,17000000,1.70 Cr,Bandra Kurla Complex,K Raheja Construction,,495.0,ready to move,,Guru Nanak Hospital,,Mumbai
2,15500000,1.55 Cr,Malad East,Right Channel Construction Pvt. Ltd.,,642.0,ready to move,Malad Railway Station (E) Bus Stop,Sudha Hospital,Metro Bazaar,Mumbai
3,47500000,4.75 Cr,Vile Parle East,Harshail Real Estate Group,,971.0,ready to move,Vile Parle Police Station (E) Bus Stop,Shirodkar Hospital,Agarwal Market,Mumbai
2,30000000,3 Cr,Chembur,Tricity Reality Pvt. Ltd.,,,ready to move,Chembur Camp Bus Stop,Kolekar Hospital,K Star Mall,Mumbai
2,22100000,2.21 Cr,Goregaon West,Oxford Group,,660.0,ready to move,Lower Malad Metro Station|5 minutes,Shiddhart BMC Hospital,New Star Bazar,Mumbai
1,11800000,1.18 Cr,Goregaon West,Shivam Parivar Developers Pvt. Ltd.,Gulmohar Chs Ltd,,ready to move,Lower Malad Metro Station|5 minutes,Pooja Hospital,Vijay Sales,Mumbai
2,20500000,2.05 Cr,Powai,Dedhia Group,Powai is available at the price of ₹2,765.0,ready to move,Jama Masjid Bus Stop,Dr L H Hiranandani Hospital,Haiko Mall,Mumbai
2,43000000,4.30 Cr,Andheri West,Transcon Group,Andheri West is available for purchase at price of ₹4,864.0,ready to move,"Azad Nagar metro station, Mumbai|5 minutes",Bluebell,FB-MUMBAI- ANDHERI,Mumbai
3,40000000,4 Cr,Bangur Nagar,Kolte Patil Developers,,1084.0,ready to move,,,,Mumbai
3,35000000,3.50 Cr,Sahakar Nagar Andheri West,Dev Land Housing Ltd.,Sahakar Nagar Andheri West,1000.0,ready to move,,Belle-Vue Multi-Speciality Hospital,,Mumbai
2,22000000,2.20 Cr,Borivali West,Agarwal Group,,750.0,ready to move,Borivali (West) Metro Station,Phoenix Hospitals,Zoom Plaza Mall,Mumbai
2,20900000,2.09 Cr,Bandra Kurla Complex,Omkar Realtors and Developers Pvt. Ltd.,,,ready to move,,Wockhardt Life Win,,Mumbai
2,24500000,2.45 Cr,Kandivali East,Shapoorji Pallonji Group,a well-connected area of Kandivali East,,Dec '26,Poisar Metro Station|5 minutes,City Multispeciality Hospital,Reliance Mall Borivali,Mumbai
2,25000000,2.50 Cr,Ghatkopar East,Cooperative Group Housing Society,,735.0,ready to move,Ghatkopar Railway Station,Kamdar Nursing Home,"R City, Neelyog Square",Mumbai
3,24000000,2.40 Cr,Mulund West,Prabhav Group,,851.0,ready to move,Panch Rasta,Padmashree Nursing Home,Sant Shree Mastaram Cycle,Mumbai
3,42000000,4.20 Cr,Bandra Kurla Complex,Kanakia Spaces Realty Pvt. Ltd.,,,ready to move,,Guru Nanak Hospital,,Mumbai
3,29500000,2.95 Cr,Dahisar East,N Rose Developers Pvt. Ltd.,Dahisar East is available at the price of ₹2,1106.0,ready to move,Dahisar Metro Station|5 minutes,BMC Hospital,BB-THAKUR MALL,Mumbai
4,85000000,8.50 Cr,Goregaon West,The Wadhwa Group,,,ready to move,Lower Malad Metro Station|5 minutes,Parvatibhai Chavan,New Star Bazar,Mumbai
2,16800000,1.68 Cr,Oshiwara,Paradigm Realty,,,ready to move,,,Mega Mall,Mumbai
3,16000000,1.60 Cr,Bhandup West,Mayuresh Group,,1050.0,ready to move,Jangal Mangal Road,SAS Hospital,,Mumbai
5,400000000,40 Cr,Worli,Lodha Developers Limited,,5000.0,ready to move,Worli Metro Station|5 minutes,Shobha Hospital,BIg Bazaar,Mumbai
2,11500000,1.15 Cr,Mira Road,Kalpataru Group Dynamix group N.L. Dalmia Group,,,ready to move,Mira Road Railway Station,Bhakti Vedant Hospital,Sahakari Bhandar,Mumbai
2,31000000,3.10 Cr,Dadar West,Sugee Realty and Developers India Pvt. Ltd.,Dadar West is available at the price of ₹3,570.0,ready to move,Dadar Metro Station|5 minutes,Yashothan Hospital,Nakshatra Mall,Mumbai
2,20000000,2 Cr,Mulund West,Man Infra Projects Ltd.,Mulund West is available for purchase at price of ₹2 Cr,690.0,ready to move,Mulund Depot Bus Stop,Padmashree Endoscopic Centre,Sant Shree Mastaram Cycle,Mumbai
2,32000000,3.20 Cr,Mazgaon,Kapil Constructions,,,ready to move,Dockyard Road Railway Station Bus Stop,Prince Aly Khan Hospital,Jio Gallery,Mumbai
1,3200000,32 Lac,Palghar Naigaon East,Parasnath Group,,410.0,ready to move,Mira Road Railway Station,,,Mumbai
2,13800000,1.38 Cr,Tagore Nagar,Suvasya Builders and Developer,,,ready to move,,,,Mumbai
3,42000000,4.20 Cr,Goregaon West,Sunteck Realty Ltd.,a well-connected area of Goregaon West,,ready to move,Lower Malad Metro Station|5 minutes,Kapadia Multispeciality Hospital,New Star Bazar,Mumbai
2,22000000,2.20 Cr,Mulund West,Kalpataru Ltd.,,802.0,ready to move,Mulund Railway Station (W) Bus Stop,Padmashree Endoscopy Center,Food Bazaar,Mumbai
4,27000000,2.70 Cr,Mira Bhayandar,JP Infra Mumbai,Mira Bhayandar is available at the price of ₹2,1803.0,Dec '28,Mira Rd Railway Station,Sai Krupa Hospital,Tania Planet Mall,Mumbai
4,108094500,10.80 Cr,Santacruz West,Evershine Builders,Evershine Bliss,1665.0,ready to move,Santacruz Police Station \u002F V.P. Road Bus Stop,Surya Multispeciality Hospital,Milan Mall,Mumbai
3,65000000,6.50 Cr,Borivali East,Oberoi Realty Ltd.,Borivali East is available at the price of ₹6,1315.0,Jun '27,Magathane Metro Station|5 minutes,DMS Laser Eye Hospital,Thakur Mall Kandivali,Mumbai
2,19900000,1.99 Cr,Malad West,Rajendra Builders Pvt. Ltd.,Malad West,750.0,ready to move,Malad West Metro Station|5 minutes,Vivanta Milti Speciality Hospital,World of Titan Infiniti mall,Mumbai
2,22500000,2.25 Cr,Goregaon East,Housing Development & Infrastructure Ltd.,Dheeraj Valley Tower,780.0,ready to move,Aarey Metro Station|5 minutes,Vishwakripa Hospital,"The Hub Mall,",Mumbai
3,100000000,10 Cr,JVPD Scheme,Shree Suraj Resources Private Limited,,,ready to move,,Cooper Hospital,Dynamix Mall,Mumbai
3,46000000,4.60 Cr,Mulund West,Oberoi Realty Ltd.,,1303.0,ready to move,Santoshi Mata Mandir Bus Stop,ESIC Hospital,Star Bazaar,Mumbai
2,16500000,1.65 Cr,Bhandup West,Srishti Group,,655.0,ready to move,Tank Road Bus Stop,Badwik Hospital,,Mumbai
3,33200000,3.32 Cr,Mulund West,Runwal Group,Runwal Sanctuary which is a 9 years old construction,1030.0,ready to move,Panch Rasta,Siddharth Hospital,R Galleria,Mumbai
3,66000000,6.60 Cr,Andheri West,Runwal Group,,1318.0,ready to move,"Azad Nagar metro station, Mumbai|5 minutes",Criticare Hospital,Mega Mall,Mumbai
3,43000000,4.30 Cr,Mulund West,Kalpataru Ltd.,,1339.0,ready to move,Mulund Depot Bus Stop,Padmashree Nursing Home,Jawahar Talkies,Mumbai
2,35000000,3.50 Cr,total 800 sqft,Transcon Developers and Sheth Creators,Kanchpada is available for purchase at price of ₹3,,ready to move,,Prem Kitchen And Bar,,Mumbai
2,33000000,3.30 Cr,Jogeshwari West,Lodha Developers Limited,,,ready to move,Lower Oshiwara Metro Station|5 minutes,Diamond Hospital, R Odeon Mall,Mumbai
2,21000000,2.10 Cr,Chembur,Roswalt Realty,,727.0,Dec '29,Ashok Nagar Bus Stop,Surana Sethia Hospital,Food Bazaar,Mumbai
2,17500000,1.75 Cr,Jankalyan Nagar,Pranav Constructions,,650.0,ready to move,Gtb Nagar Monorail Station,,Phoenix Marketcity Mall,Mumbai
1,9200000,92 Lac,Bhandup West,Mayuresh Group,,,ready to move,Nahur Railway Station,SAS Hospital,,Mumbai
2,16500000,1.65 Cr,Police Colony Kurla East,Sonal Dev Con Pvt. Ltd.,,,ready to move,,,,Mumbai
3,42500000,4.25 Cr,Jogeshwari West,Lodha Developers Limited,,1017.0,ready to move,Lower Oshiwara Metro Station|5 minutes,Fatima Children, R Odeon Mall,Mumbai
3,30500000,3.05 Cr,Malad West,Abrol Builders,,,ready to move,Malad West Metro Station|5 minutes,Sun Hospital,Phoenix Marketcity Mall,Mumbai
2,25000000,2.50 Cr,Goregaon West,The Wadhwa Group,,,ready to move,Lower Malad Metro Station|5 minutes,Pooja Hospital,InOrbit Mall,Mumbai
4,107500000,10.75 Cr,Bandra East,Rustomjee,Bandra East is available at the price of ₹10,1415.0,ready to move,Bandra-Kurla Complex Metro Station|5 minutes,Thc Hospital,VN Mall,Mumbai
4,67000000,6.70 Cr,Mulund West,Oberoi Realty Ltd.,,1926.0,ready to move,Mulund Depot Bus Stop,Padmashree Endoscopic Centre,Food Bazaar,Mumbai
3,26100000,2.61 Cr,IC Colony,Shubhjivan Buildres Pvt Ltd,IC Colony is available for purchase at price of ₹2,916.0,ready to move,,Phoenix Hospital,,Mumbai
2,32500000,3.25 Cr,Aram Nagar,Kabra Group,,670.0,ready to move,,Kripa Hospital,,Mumbai
2,11200000,1.12 Cr,Mira Road,PNK Builder,Mira Road,700.0,ready to move,Mira Road Railway Station,Dr Pravin Singh,PVR Cinemas,Mumbai
3,19300000,1.93 Cr,Kandivali West,Shree Developers,Kandivali West is available at the price of ₹1,717.0,ready to move,Mahavir Nagar Metro Station|5 minutes,Nobel Hospital,Raghuleela Mall,Mumbai
2,22000000,2.20 Cr,Goregaon East,Group Satellite,,710.0,ready to move,Aarey Metro Station|5 minutes,Sunita Multi-Speciality Hospital,Orchard Road Mall,Mumbai
2,85000000,8.50 Cr,Cuffe Parade,Makers Developers,,947.0,ready to move,Sant Gadge Maharaj Chowk Monorail Station,,,Mumbai
3,70000000,7 Cr,Goregaon East,Oberoi Realty Ltd.,,,ready to move,Aarey Metro Station|5 minutes,Nalini Speciality Hospital,Oberoi Mall,Mumbai
3,36000000,3.60 Cr,Momin Nagar,Lodha Developers Limited,a well-connected area of Momin Nagar,,ready to move,,Mallika Hospital,,Mumbai
4,114800000,11.48 Cr,Sewri,L & T Realty,,1980.0,Dec '27,Sewri Railway Station Bus Stop,Kem Hospital,Reliance Market Sewri,Mumbai
4,100000000,10 Cr,Tunga Village,L&T Realty,,2100.0,ready to move,,Nirali,,Mumbai
3,75000000,7.50 Cr,Bandra West,EXCEL INFRA CONSTRUCTION LLP,,,ready to move,Bandra Bus Stop,Shanti Hospital,Shoppers Stop,Mumbai
2,28500000,2.85 Cr,Wadala,Ajmera Realty & Infra India Ltd.,,750.0,ready to move,Wadala Bridge Monorail Station,,,Mumbai
2,25000000,2.50 Cr,Thakur Village,Benzer Group,,750.0,ready to move,,Satya Specialist Hospital,Reliance Mall Borivali,Mumbai
3,32000000,3.20 Cr,Gokuldham,Goyal Properties and Builders,,,ready to move,,,,Mumbai
3,30000000,3 Cr,Andheri,Mayfair Housing,a well-connected area of Andheri,782.0,ready to move,"Azad Nagar metro station, Mumbai|5 minutes",Anand Hospital,Ceramic Mall,Mumbai
3,80902500,8.09 Cr,Yashodham,Oberoi Realty Ltd.,,2010.0,Jun '30,,,,Mumbai
3,45000000,4.50 Cr,Best Colony Road,Cooperative Group Housing Society,,1160.0,ready to move,,,,Mumbai
2,30500000,3.05 Cr,Vile Parle West,Arham Realty,,732.0,Sep '26,Vile Parle (W) or Ashoka Hall Bus Stop,Irla Nursing Home & Polyclinic,Prime Mall,Mumbai
6,850000000,85 Cr,Walkeshwar Road,PR Builders,a well-connected area of Walkeshwar Road,,ready to move,,,,Mumbai
3,77000000,7.70 Cr,Grant Road,Sugee and Sheetal,,,Dec '29,Navjeevan Society \u002F Tardeo Bus Station Bus Stop,,,Mumbai
4,100000000,10 Cr,1700 sqft,Lodha Developers Limited,,,ready to move,Worli Metro Station|5 minutes,Shobha Hospital,Atria Millennium Mall,Mumbai
2,22000000,2.20 Cr,Andheri East,Heena Builders,,630.0,ready to move,"Andheri metro station, Mumbai|5 minutes",Ve Care Hospital,Star Market,Mumbai
5,128000000,12.80 Cr,Kokanipada,Omkar Realtors and Developers Pvt. Ltd.,,3330.0,ready to move,,Carefull Hospital Maternity And General,,Mumbai
4,39100000,3.91 Cr,DN Nagar,Rajesh LifeSpaces,,1197.0,ready to move,D N Nagar Metro Station,Kokilaben Dhirubhai Ambani Hospital and Medical Research Institute,Lokhandwalas Open Air Mall,Mumbai
3,27000000,2.70 Cr,IC Colony,H Rishabraj,a well-connected area of IC Colony,,ready to move,,Phoenix Hospital,,Mumbai
1,8700000,87 Lac,Jankalyan Nagar,Dharti Group,,,ready to move,Gtb Nagar Monorail Station,,Phoenix Marketcity Mall,Mumbai
2,25000000,2.50 Cr,Jogeshwari Vikhroli Link Road,RNA Corp,,750.0,ready to move,,Troma Hospital,,Mumbai
2,21000000,2.10 Cr,Goregaon West,Shreedham Group,Goregaon West is available at the price of ₹2,763.0,ready to move,Lower Malad Metro Station|5 minutes,Kapadia Multi-Speciality Hospital,Vijay Sales,Mumbai
3,47970000,4.79 Cr,Deonar Chembur,Supreme Universal,Deonar Chembur is available at the price of ₹4,1170.0,Mar '29,,Jai Hind Hospital,,Mumbai
2,27000000,2.70 Cr,Kandivali West,Sanjar Group,a well-connected area of Kandivali West,,Jul '26,Mahavir Nagar Metro Station|5 minutes,Sakuntala Nursing Home,Charkop Market,Mumbai
2,47500000,4.75 Cr,Prabhadevi,Siddhivinayak Constructions,Prabhadevi is available at the price of ₹4,,ready to move,,Pandit Madan Mohan Malvia Central Hospital,R City Mall,Mumbai
3,34000000,3.40 Cr,Vakola,RAAJYAM REALTY LLP,,1155.0,ready to move,Sahar P & T Colony No.2 Bus Stop,,Pride Shopping Mall,Mumbai
2,11500000,1.15 Cr,Ramdev Park,Sai Gaurav Developers,,,ready to move,,Dr Pravin Singh,,Mumbai
3,30700000,3.07 Cr,Siddharth Nagar Goregaon West,Realty One Group,Siddharth Nagar Goregaon West is available at the price of ₹3,1003.0,ready to move,Siddharth Nagar Auto Stand,Siddharth Hospital,,Mumbai
3,47500000,4.75 Cr,Powai,Ekta World,Lake Lucerne which is a 18 years old construction,,ready to move,Kensington Society Bus Stop,Dhanvantari,DMart,Mumbai
1,10555555,1.05 Cr,Dahisar East,Roswalt Realty,,440.0,ready to move,Dahisar Metro Station|5 minutes,Kerala Ayuvedashram,Star Bazaar,Mumbai
2,31900000,3.19 Cr,Koldongri Vile Parle East,Panom Developers LLP,a well-connected area of Koldongri Vile Parle East,680.0,ready to move,,,,Mumbai
1,12000000,1.20 Cr,Kandivali East,Mahindra Lifespace Developers Ltd.,,448.0,ready to move,Poisar Metro Station|5 minutes,City Multispeciality Hospital,Star Bazaar,Mumbai
2,24000000,2.40 Cr,Goregaon East,Unique Real Estate Developer,a well-connected area of Goregaon East,,ready to move,Aarey Metro Station|5 minutes,Sunita Multi-Speciality Hospital,Orchard Road Mall,Mumbai
2,15500000,1.55 Cr,Andheri East,UK Realty,Andheri East is available for purchase at price of ₹1,553.0,ready to move,"Andheri metro station, Mumbai|5 minutes",Lt Hospital,Akruti One World Mall,Mumbai
2,31000000,3.10 Cr,Tulsi Pipe Road,Sugee,,590.0,ready to move,,,,Mumbai
3,53999665,5.39 Cr,Andheri West,Hubtown Ltd.,,,Dec '26,"Azad Nagar metro station, Mumbai|5 minutes",Criticare Hospital,Ceramic Mall,Mumbai
3,34000000,3.40 Cr,Bandra Kurla Complex,Kanakia Spaces Realty Pvt. Ltd.,,,ready to move,,Asian Hospital,,Mumbai
2,33000000,3.30 Cr,Kandivali West,Ashray Group,,,Sep '26,Mahavir Nagar Metro Station|5 minutes,RMS Hospital,Sunrays Shopping Center,Mumbai
4,99000000,9.90 Cr,total 1789 sqft,Birla Estates Private Limited,,,ready to move,Juhu Beach Bus Stop,Sujay Hospital,Dheeraj Heritage,Mumbai
1,12500000,1.25 Cr,Kandivali West,Sai Krupa Developers,,,ready to move,Mahavir Nagar Metro Station|5 minutes,Gayatri Maternity and Nursing Homes,Charkop Market,Mumbai
1,14500000,1.45 Cr,Jogeshwari,Lodha Developers Limited,,,ready to move,Lower Oshiwara Metro Station|5 minutes,Mallika Hospital, R Odeon Mall,Mumbai
2,38000000,3.80 Cr,Wadala East,Ajmera Group,Ajmera Zeon,980.0,ready to move,Wadala Bridge Monorail Station,,,Mumbai
3,38000000,3.80 Cr,Gokuldham,Benchmark Developers,,,ready to move,,,,Mumbai
3,90000000,9 Cr,Khar West,Rustomjee,,1300.0,ready to move,,"P. D. Hinduja Hospital & Medical Research Centre, Khar Facility",Deliciae Patisserie by Bunty Mahajan,Mumbai
2,16500000,1.65 Cr,Kandivali East,SD Corporation Pvt. Ltd.,,,ready to move,Poisar Metro Station|5 minutes,City Multispeciality Hospital,Reliance Mall Borivali,Mumbai
1,11000000,1.10 Cr,Bhandup West,Vakratunda Group,,438.0,ready to move,Nahur Railway Station Bus Stop,SAS Hospital,,Mumbai
3,80000000,8 Cr,Byculla West,Marathon Realty & Adani Group,,,ready to move,Byculla Railway Station,Balaji Hospital,,Mumbai
1,11700000,1.17 Cr,Malad West,Advent Developers,,,Dec '26,Malad West Metro Station|5 minutes,Shah Lifeline Multispeciality Hospital,Croma,Mumbai
3,42000000,4.20 Cr,Yamuna Nagar Andheri West,RNA NG Builders,Yamuna Nagar Andheri West is available at the price of ₹4,1102.0,ready to move,,Balasaheb Thakare,,Mumbai
2,40000000,4 Cr,Matunga,MAHAVIR DEVELOPERS,,,ready to move,Matunga Railway Station (E) Bus Stop,Rashiv Diagnostic Centre, Raghuleela Mega Mall,Mumbai
1,23010000,2.30 Cr,Jayprakash Nagar,AJAY Malshi DEDHIA,,767.0,ready to move,,Hira Surgical,Pvr (Goregaon West) Cinemas,Mumbai
3,49000000,4.90 Cr,total 1100 sqft,SHREE MAHAVIR ESTATE AMEYA,,,ready to move,D N Nagar Metro Station,Kokilaben Dhirubhai Ambani Hospital and Medical Research Institute,Lokhandwalas Open Air Mall,Mumbai
2,8000000,80 Lac,Virar West,Parikh Group,,,ready to move,Chembur Monorail Station,Sahyadri Multcipility Hospital,Phoenix Marketcity Mall,Mumbai
4,149880000,14.98 Cr,Bhoiwada,L&T Realty,,2400.0,ready to move,,Parel Hospital,,Mumbai
1,17000000,1.70 Cr,Andheri East,Sheth Creators,,,ready to move,"Andheri metro station, Mumbai|5 minutes",Carewell Nursing Home,Star Market,Mumbai
2,27000000,2.70 Cr,Powai,K Raheja Corp,Powai,875.0,ready to move,Kensington Sez-1 Bus Stop,Dr. L H. Hiranandani Hospital,Empire Plaza,Mumbai
3,110000000,11 Cr,Worli,Raheja Universal Pvt. Ltd.,,1800.0,ready to move,Worli Metro Station|5 minutes,Shobha Hospital,Atria Mall,Mumbai
4,78900000,7.89 Cr,Andheri West,Adani Realty,,1650.0,ready to move,"Azad Nagar metro station, Mumbai|5 minutes",Kokilaben Dhirubhai Ambani Hospital,G7 Mall,Mumbai
2,16500000,1.65 Cr,Raheja Vihar,K Raheja Corp,,639.0,ready to move,,,,Mumbai
3,41000000,4.10 Cr,Siddharth Nagar Goregaon West,Ekta World,Siddharth Nagar Goregaon West,1084.0,ready to move,Siddharth Nagar Auto Stand,Siddharth Hospital,,Mumbai
3,34000000,3.40 Cr,Powai,Raheja Developers Ltd.,,1050.0,ready to move,Jama Masjid Bus Stop,Powai Hospital,Empire Plaza,Mumbai
3,46500000,4.65 Cr,Oshiwara,Indra Darshan Developer,,,ready to move,,,Mega Mall,Mumbai
2,15000000,1.50 Cr,Kurla West,Cooperative Group Housing Society,a well-connected area of Kurla West,,ready to move,Kurla Railway Station,Bmc Hospital,Kurla Metro Mall,Mumbai
3,17000000,1.70 Cr,Ashok Van,Rajesh LifeSpaces,,675.0,ready to move,,Ashok Hospital,,Mumbai
2,25000000,2.50 Cr,Mulund West,The Wadhwa Group,,750.0,ready to move,Mulund Railway Station (W) Bus Stop,Siddharth Hospital,Nirmal Lifestyle II Mall,Mumbai
2,36000000,3.60 Cr,Oshiwara,Cooperative Group Housing Society,Oshiwara is available for purchase at price of ₹3,1000.0,ready to move,,,Mega Mall,Mumbai
1,10000000,1 Cr,Kurla West,Housing Development & Infrastructure Ltd.,Hdil Premier Exotica which is a 14 years old construction,,ready to move,Kurla Station (W) Bus Stop,Bmc Hospital,DMart miniMAX,Mumbai
1,11500000,1.15 Cr,Oshiwara,Paradigm Realty,,,ready to move,,,Mega Mall,Mumbai
2,17000000,1.70 Cr,591 sqft,JE & VEE Infrastructure,Je & Vee Om Trimurti,,ready to move,,,,Mumbai
2,11000000,1.10 Cr,Vinay Nagar,JP Infra,,540.0,ready to move,Mira Road Railway Station,Adcare,,Mumbai
2,28500000,2.85 Cr,Jogeshwari Vikhroli Link Road,Kalpataru Ltd.,Jogeshwari Vikhroli Link Road is available at the price of ₹2,675.0,ready to move,,Troma Hospital,,Mumbai
1,12700000,1.27 Cr,Vikhroli West,Dotom Realty,a well-connected area of Vikhroli West,430.0,ready to move,Vikhroli Station Road (W) Bus Stop,Preeti Hospital,R City Mall,Mumbai
2,24000000,2.40 Cr,Chembur,Satra Group,,,ready to move,Ashok Nagar Bus Stop,"Zen Multi Speciality Hospital, Chembur, Mumbai",K Stars Mall,Mumbai
2,42100000,4.21 Cr,Khar West,Divine Space,,810.0,ready to move,,BMC Hospital,Deliciae Patisserie by Bunty Mahajan,Mumbai
2,25000000,2.50 Cr,Santacruz East,Sanghvi Realty,,578.0,ready to move,Santacruz East Railway Station,Sparsh Hospital,Zainab Dulhan Mehandi,Mumbai
3,24000000,2.40 Cr,Wadala East,Siddha Group,,,ready to move,Wadala Bridge Monorail Station,,,Mumbai
2,30000000,3 Cr,Andheri East,The Advantage Raheja,Andheri East is available at the price of ₹3 Cr,,ready to move,"Andheri metro station, Mumbai|5 minutes",Carewell Nursing Home,Metro Mart NX,Mumbai
2,16000000,1.60 Cr,Chandivali,Mhada Group,,,ready to move,Oshiwara Police Station Bus Stop,Pranjali Hospital,DMart,Mumbai
2,55000000,5.50 Cr,Worli,Lodha Developers Limited,,893.0,ready to move,Worli Metro Station|5 minutes,Peoples Mobile Hospital,Atria Mall,Mumbai
1,5700000,57 Lac,Mira Road,Cooperative Group Housing Society,,410.0,ready to move,Mira Road Railway Station,Sai Krupa Hospital,PVR Cinemas,Mumbai
2,22500000,2.25 Cr,Dharavi,Evershine Premium Buildtech,Dharavi,,ready to move,,Sai Multi speciality Hospital,,Mumbai
3,42500000,4.25 Cr,Goregaon West,Sunteck Realty Ltd.,,,ready to move,Lower Malad Metro Station,Prarthana Hospital and ICU,InOrbit Mall,Mumbai
4,167700000,16.77 Cr,Bandra Kurla Complex,Adani Realty,,2237.0,ready to move,,Asian Hospital,,Mumbai
2,27500000,2.75 Cr,Malad East,Omkar Realtors and Developers Pvt. Ltd.,,848.0,ready to move,Malad Railway Station (E) Bus Stop,Shree Balaji Hospital,Eastern Mall,Mumbai
2,28000000,2.80 Cr,495 sqft,Chandra Development,Chandra Darshan,,ready to move,Malad West Metro Station|5 minutes,Infinity Multi-Speciality Hospital,Phoenix Marketcity Mall,Mumbai
3,47500000,4.75 Cr,1290 sqft,Mahindra Lifespace Developers Ltd.,,,ready to move,,,,Mumbai
3,170000000,17 Cr,Bandra West,Le Papillon Group,,,ready to move,Bandra Bus Stop,Lilavati Hospital and Research Centre,Shoppers Stop,Mumbai
2,35000000,3.50 Cr,Dadar West,Sugee Realty and Developers India Pvt. Ltd.,,550.0,ready to move,Dadar Metro Station|5 minutes,Bmc Hospital,Nakshatra Mall,Mumbai
2,34000000,3.40 Cr,Lokhandwala Complex,Indra Darshan Developer,Indra Darshan Apartment,,ready to move,,Kulkarni Hospital,,Mumbai
3,45900000,4.59 Cr,Pant Nagar,Avvad Realtty LLP,,1150.0,ready to move,Ghatkopar Station (E) LIC Bus Stop,Parakh Hospital,"R City, Neelyog Square",Mumbai
2,14200000,1.42 Cr,total 571 sqft,Dimples Group,,,ready to move,Magathane Metro Station|5 minutes,Galaxy Multispeciality Hospital,Thakur Mall Kandivali,Mumbai
2,22500000,2.25 Cr,Borivali East,Kaustubh Construction Pvt. Ltd.,a well-connected area of Borivali East,650.0,ready to move,Magathane Metro Station|5 minutes,Apex Multispeciality Hospitals,The Zone Mall,Mumbai
4,39000000,3.90 Cr,Mulund West,Runwal Group,,,ready to move,Santoshi Mata Mandir Bus Stop,Padmashree Endoscopic Centre,Star Bazaar,Mumbai
3,26000000,2.60 Cr,900 sqft,Peninsula Land Ltd.,,,ready to move,Marol Naka Metro Station|5 minutes,DR. F. F. Pardiwala,Phoenix Marketcity Mall,Mumbai
2,21000000,2.10 Cr,Chembur East,MM Group,a well-connected area of Chembur East,,ready to move,,Sushrut Hospital,,Mumbai
1,7700000,77 Lac,Bhandup West,SHRADDHA LANDMARK PVT. LTD,,369.0,ready to move,Tank Road Bus Stop,A.P.S. Multi-speciality Hospital and ICCU (Central),,Mumbai
3,19500000,1.95 Cr,Evershine Nagar,Brindavan Builders,,910.0,ready to move,,,,Mumbai
3,37000000,3.70 Cr,Gokuldham,Lakshachandi Realty,,,ready to move,,,,Mumbai
4,185000000,18.50 Cr,Prabhadevi,Rustomjee,,,ready to move,,Sunrise Oncology Centre,Vijay Sales,Mumbai
3,33000000,3.30 Cr,Malad East,A&O Realty and Riddhi Siddhi Group,,900.0,ready to move,Malad Railway Station (E) Bus Stop,Rahat Hospital,Metro Bazaar,Mumbai
2,21000000,2.10 Cr,CGS Colony Kanjurmarg East,Runwal Enterprises,,670.0,ready to move,,,,Mumbai
1,11500000,1.15 Cr,Malad West,Gurukrupa Group,Gurukrupa Marina Enclave,452.0,ready to move,Malad West Metro Station|5 minutes,Shah Lifeline Multispeciality Hospital,Fbb,Mumbai
4,47500000,4.75 Cr,Mulund West,Marathon Realty Pvt. Ltd.,,1508.0,ready to move,Panch Rasta,Siddharth Hospital,Star Bazaar,Mumbai
3,48300000,4.83 Cr,Borivali East,Oberoi Realty Ltd.,,1073.0,ready to move,Magathane Metro Station|5 minutes,Galaxy Multispeciality Hospital,Thakur Mall Kandivali,Mumbai
2,19500000,1.95 Cr,Borivali West,Shree Ram Krishna Developers,Borivali West,620.0,ready to move,Borivali (West) Metro Station|5 minutes,Arihant and BHC Hospital,D-Victorian Mall,Mumbai
2,21500000,2.15 Cr,Sindhi Society Chembur,Sun Builders Pvt. Ltd.,,649.0,ready to move,,,,Mumbai
2,16800000,1.68 Cr,Malad East,Right Channel Construction Pvt. Ltd.,,,ready to move,Malad Railway Station (E) Bus Stop,Carefull Hospital Maternity And General,Eastern Mall,Mumbai
3,30000000,3 Cr,Wadala East,DOSTI REALTY,,,ready to move,Wadala Bridge Monorail Station,,,Mumbai
2,56200000,5.62 Cr,Saraswat Colony,AP Properties,Saraswat Colony is available for purchase at price of ₹5,804.0,ready to move,,,,Mumbai
3,47000000,4.70 Cr,Santacruz East,Kalpataru Ltd.,,992.0,ready to move,Kolivery Village Bus Stop,Sparsh Hospital,Hi- Life Mall,Mumbai
1,8500000,85 Lac,Bhandup West,Beauty Ganraj Construction LLP,Beauty Landmark,360.0,ready to move,Nahur Railway Station,SAS Hospital,,Mumbai
2,20000000,2 Cr,Malad East,Omkar Realtors and Developers Pvt. Ltd.,,,ready to move,Malad Railway Station (E) Bus Stop,Sanjeevani Hospital,Metro Bazaar,Mumbai
4,120250000,12.02 Cr,Hiranandani Gardens,Hiranandani Group,,1850.0,Dec '29,,Powai Hospital,,Mumbai
5,104900000,10.49 Cr,Borivali West,Rajesh LifeSpaces,,,ready to move,Borivali (West) Metro Station,MM Hospital,N-MORE,Mumbai
2,20500000,2.05 Cr,Mulund East,Lodha Developers Limited,,750.0,ready to move,Mulund (E) Bus Stop,Ashirvad Criticare Multispeciality Hospital,A - Mart Super Market,Mumbai
5,80000000,8 Cr,Chembur,Concrete Builders,,,ready to move,Ashok Nagar Bus Stop,Surana Sethia Hopsital,Cubic Mall,Mumbai
1,20542500,2.05 Cr,BBD Chawl Naigaon,Cooperative Group Housing Society,,,ready to move,,,,Mumbai
4,79900000,7.99 Cr,Gokuldham,DB Realty Pvt. Ltd.,,,ready to move,,,,Mumbai
1,12000000,1.20 Cr,Thakur Complex,Dimple realtors Pvt. Ltd.,Thakur Complex is available at the price of ₹1,430.0,ready to move,Suruchi \u002F Kankia Park Bus Stop,,,Mumbai
4,170000000,17 Cr,Parel,Kalpataru Ltd.,Parel is available at the price of ₹17 Cr,,ready to move,Sewree Naka Bus Stop,Wadia Hospital,,Mumbai
2,34500000,3.45 Cr,Thakur Village,Sea Princess Realty,,841.0,ready to move,,Satya Specialist Hospital,Reliance Mall Borivali,Mumbai
3,75000000,7.50 Cr,Yashodham,Oberoi Realty Ltd.,,,ready to move,,,,Mumbai
4,69900000,6.99 Cr,Laxmi Industrial Estate,Adani Realty,,1776.0,Nov '27,,,Spar Arreda India,Mumbai
3,54000000,5.40 Cr,Powai,Lodha Developers Limited,Powai is available for purchase at price of ₹5,1230.0,ready to move,Jama Masjid Bus Stop,Dhanvantari,DMart,Mumbai
2,16000000,1.60 Cr,Chembur,Om Sai Developers,,650.0,ready to move,Dr. Ambedkar Udyaan \u002F Chembur Railway Station Bus Stop,Mangal Anand Hospital,Phoenix Marketcity Mall,Mumbai
3,32000000,3.20 Cr,Kandivali East,Mahindra Lifespace Developers Ltd.,,,Dec '29,Poisar Metro Station|5 minutes,ESIC Hospital,Thakur Mall Kandivali East,Mumbai
2,25920000,2.59 Cr,Chembur East,Shubham group,,720.0,ready to move,,Sushrut Hospital,,Mumbai
2,16000000,1.60 Cr,Kandivali West,Hiral Homes,a well-connected area of Kandivali West,,ready to move,Mahavir Nagar Metro Station|5 minutes,Nidhi Narsing Home,Akruti Shopping Centre,Mumbai
2,22000000,2.20 Cr,Chandivali,Godrej Properties,,630.0,ready to move,Oshiwara Police Station Bus Stop,Nirali,DMart,Mumbai
1,10000000,1 Cr,Chembur East,Chandak Group,Chembur East is available at the price of ₹1 Cr,440.0,Dec '28,,Sushrut Hospital,,Mumbai
3,72000000,7.20 Cr,Bandra East,Kalpataru Ltd.,Kalpataru Magnus which is a 9 years old construction,,ready to move,Bandra-Kurla Complex Metro Station|5 minutes,Dr Aggarwal Children Hospital,Meena Bazar,Mumbai
2,17500000,1.75 Cr,Bhandup West,Mahadev & Company Pvt. Ltd.,,,ready to move,Nahur Railway Station,A.P.S. Multi-speciality Hospital and ICCU (Central),,Mumbai
3,64800000,6.48 Cr,Four Bungalows,Adani Realty,,1352.0,ready to move,Four Bungalows Bus Stop,Kokilaben Dhirubhai Ambani Hospital,,Mumbai
1,11000000,1.10 Cr,Pant Nagar,Natasha Developers,,,ready to move,Ghatkopar Station (E) LIC Bus Stop,Parakh Hospital,"R City, Neelyog Square",Mumbai
2,10200000,1.02 Cr,Dahisar East,Lodha Developers Limited,,600.0,ready to move,Dahisar Metro Station|5 minutes,Life Care Hospital,Thakur Mall,Mumbai
5,140000000,14 Cr,3305 sqft,Supreme Universal,,,ready to move,,Sushrut Hospital,,Mumbai
1,11500000,1.15 Cr,Lokhandwala Township,Godrej Properties,a well-connected area of Lokhandwala Township,,ready to move,,Apex Hospital,Centrium Mall,Mumbai
6,107500000,10.75 Cr,Bandra East,Dheeraj Realty,,2916.0,ready to move,Bandra-Kurla Complex Metro Station|10 minutes,Wockhardt Life Win,VN Mall,Mumbai
2,22500000,2.25 Cr,Jogeshwari Vikhroli Link Road,Kalpataru Ltd.,,618.0,ready to move,,Troma Hospital,,Mumbai
4,149500000,14.95 Cr,Goregaon East,Oberoi Realty Ltd.,,2053.0,ready to move,Aarey Metro Station|5 minutes,H B T Trauma Care Municipal Hospital,Orchard Road Mall,Mumbai
2,18500000,1.85 Cr,1000 sqft,Satellite Builders Pvt. Ltd.,,,ready to move,Aarey Metro Station|5 minutes,Nalini Speciality Hospital,Oberoi Mall,Mumbai
3,37700000,3.77 Cr,Goregaon West,The Wadhwa Group,,850.0,ready to move,Lower Malad Metro Station|5 minutes,Pooja Hospital,New Star Bazar,Mumbai
2,15700000,1.57 Cr,Marol,I STAY HOUSING PRIVATE LIMITED,Marol is available for purchase at price of ₹1,,nov '28,Marol Naka Metro Station|5 minutes,DR. F. F. Pardiwala,Phoenix Marketcity Mall,Mumbai
1,11712750,1.17 Cr,Tilak Nagar Chembur,Srushtiraj Enterprises,,,dec '26,Nahur Railway Station,Srv Hospital,,Mumbai
3,31000000,3.10 Cr,Mulund West,Ashwin Sheth Group and Emami Group,Mulund West,,ready to move,Mulund Railway Station (W) Bus Stop,ESIC Hospital,Food Bazaar,Mumbai
3,30000000,3 Cr,Borivali West,Cooperative Group Housing Society,,875.0,ready to move,Borivali (West) Metro Station,Phoenix Hospitals,N-MORE,Mumbai
2,24200000,2.42 Cr,LBS Road,Mahindra Lifespace Developers Ltd.,Mahindra Rainforest,,dec '31,,,,Mumbai
3,39600000,3.96 Cr,LBS Road,Mahindra Lifespace Developers Ltd.,,,dec '31,,,,Mumbai
3,37500000,3.75 Cr,MHB Colony Sion East,Dosti Realty ,MHB Colony Sion East,,ready to move,,,,Mumbai
2,18000000,1.80 Cr,Kanjurmarg West,Runwal Group,,662.0,ready to move,Kanjur Marg Station (W) Bus Stop,,,Mumbai
3,41000000,4.10 Cr,Goregaon West,Ekta World,,1062.0,ready to move,Lower Malad Metro Station|5 minutes,Matoshree Gomanti Hospital,Vijay Sales,Mumbai
2,14000000,1.40 Cr,Goregaon East,Parekh Developers,Bhanushanti Apartment which is a 17 years old construction,,ready to move,Aarey Metro Station|5 minutes,Nalini Speciality Hospital,Oberoi Mall,Mumbai
4,108550000,10.85 Cr,2171 sqft,Ajmera Realty & Infra India Ltd. and Sheetal Infrastructure Pvt. Ltd.,,,Dec '29,Yari Road Bus Stop,Kripa Hospital,,Mumbai
3,123000000,12.30 Cr,Dadar East,Bombay Realty,,,ready to move,Dadar (E) Tt Circle Bus Stop,Dr Karvar Hospital,Hindmata Cinema,Mumbai
4,150000000,15 Cr,Goregaon East,Oberoi Realty Ltd.,,,ready to move,Aarey Metro Station|5 minutes,Nalini Speciality Hospital,Oberoi Mall,Mumbai
2,21500000,2.15 Cr,Marol,Kanakia Spaces Realty Pvt. Ltd.,,,ready to move,Marol Naka Metro Station|5 minutes,DR. F. F. Pardiwala,Phoenix Marketcity Mall,Mumbai
3,57500000,5.75 Cr,Powai,L & T Realty,,1150.0,ready to move,Kensington Society Bus Stop,Nihal Nursing,Galleria Shopping Mall,Mumbai
1,19000000,1.90 Cr,Goregaon West,Radius Developers,,400.0,ready to move,Lower Malad Metro Station|5 minutes,Siddharth Hospital,InOrbit Mall,Mumbai
1,16000000,1.60 Cr,Mulund West,Piramal Realty,,471.0,ready to move,Mulund Railway Station (W) Bus Stop,Padmashree Endoscopic Centre,Star Bazaar,Mumbai
2,52000000,5.20 Cr,Santacruz West,AVM Developers Pvt. Ltd.,,,ready to move,Santacruz Police Station \u002F V.P. Road Bus Stop,Surya Hospital,Milan Mall,Mumbai
3,310000,3.1 Lac,Chandivali,Nahar Group,,807.0,ready to move,Oshiwara Police Station Bus Stop,Pranjali Hospital,DMart,Mumbai
3,65000000,6.50 Cr,Bandra East,Rustomjee,Bandra East is available for purchase at price of ₹6,1100.0,ready to move,Bandra-Kurla Complex Metro Station|5 minutes,Guru Nanak Hospital,Meena Bazar,Mumbai
3,30500000,3.05 Cr,Sunder Nagar Malad West,Triumph Builders LLP,Triumph Towers which is a 8 years old construction,1144.0,ready to move,Sunder Nagar Auto Stand,,,Mumbai
2,20000000,2 Cr,Shimpoli Road,Paradigm Realty & Dotom Realty,Shimpoli Road is available for purchase at price of ₹2 Cr,668.0,ready to move,,,,Mumbai
3,125000000,12.50 Cr,Worli,Omkar Realtors and Developers Pvt. Ltd.,,,ready to move,Worli Metro Station|5 minutes,Shobha Hospital,Atria Mall,Mumbai
1,8500000,85 Lac,Industrial Area Bhandup West,DP Build Homes,,,ready to move,,,,Mumbai
2,26000000,2.60 Cr,Andheri East,Dynamix Group,,625.0,ready to move,"Andheri metro station, Mumbai|5 minutes",Holy Spirit Hospital,Akruti One World Mall,Mumbai
1,14200000,1.42 Cr,Malad West,K PATEL REALTY,,450.0,ready to move,Malad West Metro Station|5 minutes,Adarsh Hospital,"Mothercare, Infiniti Mall",Mumbai
3,32500000,3.25 Cr,Andheri West,Pattathu Brothers,a well-connected area of Andheri West,800.0,ready to move,"Azad Nagar metro station, Mumbai|5 minutes",Kulkarni Hospital,Infiniti Mall,Mumbai
2,18500000,1.85 Cr,Vikhroli West,Mayfair Housing,,621.0,ready to move,Vikhroli Station Road (W) Bus Stop,PRK Hospital,R City Mall,Mumbai
3,16500000,1.65 Cr,Mira Road,Leena Group,a well-connected area of Mira Road,,ready to move,Mira Road Railway Station,Manihar Hospital,"D Mart, Hatkesh Udhog Nagar",Mumbai
1,16500000,1.65 Cr,Jogeshwari West,Sagar Builders,,,ready to move,Lower Oshiwara Metro Station|5 minutes,Wellspring Hospital,Mega Mall,Mumbai
2,18500000,1.85 Cr,Jankalyan Nagar,Gurukrupa Group,Jankalyan Nagar,636.0,ready to move,Gtb Nagar Monorail Station,,Phoenix Marketcity Mall,Mumbai
2,22300000,2.23 Cr,Kanjurmarg West,Runwal Group,,771.0,ready to move,Kanjur Marg Station (W) Bus Stop,,,Mumbai
2,14000000,1.40 Cr,Kandivali Village,Gada Group,,650.0,ready to move,"Azad Nagar metro station, Mumbai|5 minutes",Nobel Hospital,Ceramic Mall,Mumbai
3,27500000,2.75 Cr,Goregaon East,Lalani Group,,,ready to move,Aarey Metro Station|5 minutes,Hira Surgical,Orchard Road Mall,Mumbai
1,20400000,2.04 Cr,Powai,Hiranandani Developers,,,ready to move,Jama Masjid Bus Stop,Powai Hospital,DMart,Mumbai
2,22000000,2.20 Cr,Wadala East,Cooperative Group Housing Society,,720.0,ready to move,Wadala Bridge Monorail Station,,,Mumbai
3,24000000,2.40 Cr,Goregaon West,Stone Craft Infra,,768.0,ready to move,Lower Malad Metro Station,Matoshree Gomanti Hospital,Vijay Sales,Mumbai
1,3000000,30 Lac,Virar East,Cooperative Group Housing Society,,585.0,ready to move,Railway Station,Rani Shankar Hospital,Om Arcade,Mumbai
2,16500000,1.65 Cr,Mira Road East,Space Realty,,639.0,Dec '27,Mirabhayander Road Bus Stop,Hadsekar Hospital,PVR Cinemas,Mumbai
2,32500000,3.25 Cr,948 sqft,Omkar Realtors and Developers Pvt. Ltd.,Omkar Alta Monte which is a 9 years old construction,,ready to move,Malad Railway Station (E) Bus Stop,S.K. Patil Mahanagarpalika General Hospital,Eastern Mall,Mumbai
1,12500000,1.25 Cr,Goregaon West,Chandak Group,,391.0,ready to move,Lower Malad Metro Station|5 minutes,Parvatibhai Chavan,Vijay Sales,Mumbai
2,35000000,3.50 Cr,Vikhroli East,Godrej Properties,,765.0,ready to move,Vikhroli Police Station Bus Stop,Adi Arogyam Hospital,,Mumbai
3,75000000,7.50 Cr,total 1680 sqft,Sunteck Realty Ltd.,,,ready to move,Magathane Metro Station|5 minutes,Indira IVF,Thakur Mall Kandivali,Mumbai
3,36400000,3.64 Cr,Vallabh Baug Lane,Shri Ganesh Developers,,983.0,ready to move,,,,Mumbai
4,165000000,16.50 Cr,Prabhadevi,Raheja Universal Pvt. Ltd.,,,ready to move,,Pandit Madan Mohan Malvia Central Hospital,R City Mall,Mumbai
2,22200000,2.22 Cr,Sion,Sheth Realty and Aakshaya Group,,630.0,Dec '27,GTB Nagar Monorail Station,Dr Abhyankar Hospital,Phoenix Marketcity Mall,Mumbai
4,55000000,5.50 Cr,Andheri East,VKG,Andheri East is available for purchase at price of ₹5,1436.0,ready to move,"Andheri metro station, Mumbai|5 minutes",SevenHills Hospital,Metro Mart NX,Mumbai
4,13600000,1.36 Cr,Vasai East,JSB Group,Vasai East is available at the price of ₹1,,ready to move,Vasai (E) Bus Stop,Platinum Hospital Vasai,Bhajanlal Dairy Farm,Mumbai
3,135000000,13.50 Cr,Worli,Lodha Developers Limited,,,ready to move,Worli Metro Station|14 minutes,Pandit Madan Mohan Malviya Central Hospital,BIg Bazaar,Mumbai
3,35000000,3.50 Cr,Poonam Nagar Jogeshwari East,Kalpataru Ltd.,,850.0,ready to move,,,,Mumbai
2,16767000,1.67 Cr,IC Colony,H Rishabraj,,621.0,ready to move,,MM Hospital,,Mumbai
2,23000000,2.30 Cr,Chembur,RNA Corp,,730.0,ready to move,Chembur Camp Bus Stop,"Zen Multi Speciality Hospital, Chembur, Mumbai",K Stars Mall,Mumbai
3,87500000,8.75 Cr,Santacruz West,M L Group,K L Mehrise,1401.0,ready to move,Santacruz Police Station \u002F V.P. Road Bus Stop,Surya Hospital,Rare Earth,Mumbai
1,3500000,35 Lac,Virar,Blue Baron Group,,455.0,ready to move,Sakinaka Metro Station,,R City Mall,Mumbai
3,36000000,3.60 Cr,Andheri West,Veena Developers,Andheri West,960.0,ready to move,"Azad Nagar metro station, Mumbai|5 minutes",Nakshatra Multispeciality Hospital,Infiniti Mall,Mumbai
1,8500000,85 Lac,Goregaon West,Dhariwal Developers India Pvt. Ltd.,,255.0,ready to move,Lower Malad Metro Station,Kapadia Multispeciality Hospital,New Star Bazar,Mumbai
2,35000000,3.50 Cr,Lower Parel,Rishabh developer,,,ready to move,Lower Parel Metro Station|5 minutes,Gopikrishna Piramal Memorial Hospital,Quantum Mall,Mumbai
2,17500000,1.75 Cr,Siddharth Nagar Goregaon West,Chirag Infraproject Private Limited,,645.0,ready to move,Siddharth Nagar Auto Stand,Siddharth Hospital,,Mumbai
3,130000000,13 Cr,Worli,Embassy Group,Embassy Citadel,,Jun '34,Worli Metro Station|5 minutes,Pandit Madan Mohan Malviya Central Hospital,Atria Mall,Mumbai
2,18000000,1.80 Cr,Andheri East,Vijay Laxmi Group,,621.0,ready to move,"Andheri metro station, Mumbai|5 minutes",SevenHills Hospital,Phoenix Marketcity Mall,Mumbai
3,34900000,3.49 Cr,Veera Desai Industrial Estate,Gundecha Group,,847.0,ready to move,,Bluebell,,Mumbai
3,43000000,4.30 Cr,Malad East,Omkar Realtors and Developers Pvt. Ltd.,Omkar Alta Monte which is a 9 years old construction,,ready to move,Malad Railway Station (E) Bus Stop,Carefull Hospital Maternity And General,Infiniti Mall,Mumbai
3,85000000,8.50 Cr,Lady Jamshedji Road,Moraj Ahn Developers LLP,,1442.0,ready to move,,,,Mumbai
1,13500000,1.35 Cr,total 330 sqft,Lodha Developers Limited,,,ready to move,Lower Oshiwara Metro Station|5 minutes,All Cure Super Speciality Hospital,Morex Super Bazar,Mumbai
2,29900000,2.99 Cr,Santacruz West,Pioneer Group,,,ready to move,Santacruz Police Station \u002F V.P. Road Bus Stop,Surya Hospital,Acme Mall,Mumbai
1,11500000,1.15 Cr,Vakola,Cooperative Group Housing Society,Vakola is available at the price of ₹1,,ready to move,Sahar P & T Colony No.2 Bus Stop,,Hi- Life Mall,Mumbai
2,17200000,1.72 Cr,Malad,Mamtora Foundation,,637.0,ready to move,Malad West Metro Station|5 minutes,Choksi Hospital,World of Titan Infiniti mall,Mumbai
3,36000000,3.60 Cr,Mulund West,Piramal Realty,,1305.0,ready to move,Santoshi Mata Mandir Bus Stop,ESIC Hospital,Jawahar Talkies,Mumbai
3,90000000,9 Cr,total 2000 sqft,Lokhandwala Infrastructure,Mahalakshmi is available at the price of ₹9 Cr,,ready to move,Mahalakshmi Railway Station,Srcc Hospital,,Mumbai
1,13500000,1.35 Cr,Thakur Village,Evershine Builders,,,ready to move,,Satya Specialist Hospital,Thakur Mall Kandivali,Mumbai
4,125000000,12.50 Cr,Mahalakshmi,Piramal Realty,Mahalakshmi,1755.0,ready to move,Sant Gadge Maharaj Monorail Station,Srcc Hospital,,Mumbai
1,12300000,1.23 Cr,Kandivali West,Ruparel Realty,,330.0,ready to move,Mahavir Nagar Metro Station|5 minutes,RMS Hospital,Akruti Shopping Centre,Mumbai
3,29900000,2.99 Cr,Andheri East,Kanakia Spaces Realty Pvt. Ltd.,,,ready to move,"Andheri metro station, Mumbai|5 minutes",Sharada Nursing Home,Star Market,Mumbai
2,22500000,2.25 Cr,Kandivali East,Spring Developers,,,ready to move,Poisar Metro Station|15 minutes,ESIC Hospital,Centrium Mall,Mumbai
2,19136000,1.91 Cr,Teli Gali,New India Constructions,Teli Gali,598.0,ready to move,,,,Mumbai
2,19000000,1.90 Cr,IC Colony,Romell Group,a well-connected area of IC Colony,,ready to move,,Phoenix Hospital,,Mumbai
1,14000000,1.40 Cr,Andheri East,Drishti Developers,,400.0,ready to move,"Andheri metro station, Mumbai|5 minutes",Holy Spirit Hospital,Star Market,Mumbai
3,50000000,5 Cr,Andheri West,Samarth Development Corporation,Andheri West is available at the price of ₹5 Cr,,ready to move,"Azad Nagar metro station, Mumbai|5 minutes",Belle-Vue Multi-Speciality Hospital,Crystal Point Mall,Mumbai
2,22000000,2.20 Cr,Kandivali West,Siddha Group,a well-connected area of Kandivali West,705.0,ready to move,Mahavir Nagar Metro Station|5 minutes,Shivam Hospital Super Multispeciality Hospital,Raghuleela Mall,Mumbai
3,50500000,5.05 Cr,Goregaon West,Kalpataru Ltd.,Goregaon West is available for purchase at price of ₹5,1231.0,ready to move,Lower Malad Metro Station|5 minutes,Matoshree Gomanti Hospital,New Star Bazar,Mumbai
1,12840000,1.28 Cr,Tata Colony BPCL Colony,Chandak Group,Tata Colony BPCL Colony,,Dec '28,,,,Mumbai
2,16800000,1.68 Cr,748 sqft,Akar Realty,,,ready to move,Rajendra Nagar Bus Stop,Galaxy Multispeciality Hospital,Thakur Mall Kandivali,Mumbai
3,125000000,12.50 Cr,Khar West,The Wadhwa Group,,1800.0,ready to move,,Maharashtra State Women Hospital,Deliciae Patisserie by Bunty Mahajan,Mumbai
3,150000000,15 Cr,Tardeo,Maverick Realtors,,1957.0,ready to move,Vile Parle (W) or Ashoka Hall Bus Stop,Bhatia Hospital,Heera Punna,Mumbai
3,44000000,4.40 Cr,1184 sqft,Transcon Developers and Sheth Creators,,,ready to move,Malad West Metro Station|5 minutes,Vivanta Milti Speciality Hospital,World of Titan Infiniti mall,Mumbai
2,24065000,2.40 Cr,Sumer Nagar,Shraddha Developers,,667.0,ready to move,,Arihant and BHC Hospital,,Mumbai
1,6800000,68 Lac,Vinay Nagar,JP Infra,,,ready to move,Mira Road Railway Station,Adcare,,Mumbai
2,19500000,1.95 Cr,Chembur Camp,Roswalt Realty,,727.0,Dec '29,,,,Mumbai
2,23000000,2.30 Cr,Kalina,Kolte Patil Developers Ltd.,Kolte Patil Alora,710.0,Jun '29,,,Matro Mall,Mumbai
3,30425000,3.04 Cr,Mithchowki,Shreeji Construction,,1217.0,Jun '28,Valnai-Meeth Chowky Metro Station|5 minutes,,,Mumbai
3,20000000,2 Cr,Bhayandar West,Gagan Group,Pava Puri,1000.0,ready to move,Bhayandar Police Station Bus Stop,,Big Bazaar,Mumbai
4,140000000,14 Cr,Prabhadevi,Rustomjee,Rustomjee Crown,2150.0,ready to move,,Pandit Madan Mohan Malvia Central Hospital,R City Mall,Mumbai
3,55000000,5.50 Cr,Andheri West,Oberoi Realty Ltd.,Andheri West is available at the price of ₹5,,ready to move,"Azad Nagar metro station, Mumbai|5 minutes",Kokilaben Dhirubhai Ambani Hospital,Ceramic Mall,Mumbai
2,30000000,3 Cr,Lokhandwala Complex,RNA NG Builders,Rna Ng Eclat,750.0,ready to move,,Kulkarni Hospital,,Mumbai
3,82500000,8.25 Cr,Gokuldham,Oberoi Realty Ltd.,,1367.0,ready to move,,,,Mumbai
4,95100000,9.51 Cr,Worli,Lodha Developers Limited,,1550.0,ready to move,Worli Metro Station|5 minutes,Peoples Mobile Hospital,BIg Bazaar,Mumbai
2,29900000,2.99 Cr,Krishna Nagar Powai,L & T Realty,,,ready to move,,,,Mumbai
4,150000000,15 Cr,Juhu,Patel Builders & Developers,a well-connected area of Juhu,,ready to move,Juhu Beach Bus Stop,Baratiya Arogy Nidhi,Tulip Arcade Mall,Mumbai
2,31500000,3.15 Cr,Andheri West,Indra Darshan Developer,,770.0,ready to move,"Azad Nagar metro station, Mumbai|5 minutes",Kulkarni Hospital,Citi Mall,Mumbai
1,12000000,1.20 Cr,Andheri East,Hubtown Ltd.,,,ready to move,"Andheri metro station, Mumbai|5 minutes",Lt Hospital,Star Market,Mumbai
2,7500000,75 Lac,Mira Road,Kothari Builders and Developers,,,ready to move,Mira Road Railway Station,Dr Pravin Singh,PVR Cinemas,Mumbai
2,5600000,56 Lac,Virar West,Ekta World,,600.0,ready to move,Bolinj Naka Bus Stop,Sankalpa Hospital,Phoenix Marketcity Mall,Mumbai
3,49000000,4.90 Cr,Mahim West,Shri Ashtavinayak Developers,,1200.0,ready to move,,Dr Jhaveri Hospital,,Mumbai
1,11900000,1.19 Cr,Andheri East,Cooperative Group Housing Society,,,ready to move,"Andheri metro station, Mumbai|5 minutes",SevenHills Hospital,Star Market,Mumbai
2,28000000,2.80 Cr,Kanchpada,Transcon Developers and Sheth Creators,Kanchpada is available for purchase at price of ₹2,,ready to move,,Prem Kitchen And Bar,,Mumbai
2,17500000,1.75 Cr,Mulund East,Amardeep Constructions,Amardeep Anutham,,ready to move,Mulund (E) Bus Stop,Ashirvad Criticare Multispeciality Hospital,A - Mart Super Market,Mumbai
3,46000000,4.60 Cr,Andheri East,Oberoi Realty Ltd.,a well-connected area of Andheri East,864.0,ready to move,"Andheri metro station, Mumbai|5 minutes",Carewell Nursing Home,Star Market,Mumbai
4,78000000,7.80 Cr,Goregaon West,ARIHA SPACES LLP,Goregaon West,2100.0,Apr '29,Lower Malad Metro Station|5 minutes,Suvidha Hospital & Polyclinic,InOrbit Mall,Mumbai
3,85000000,8.50 Cr,Bandra West,Flowline Developers Pvt Ltd,Bandra West is available at the price of ₹8,1200.0,ready to move,Bandra Bus Stop,Lilavati Hospital,Shoppers Stop,Mumbai
3,35000000,3.50 Cr,Chandivali,Nahar Builders Limited,Chandivali,,Dec '28,Oshiwara Police Station Bus Stop,Nahar Medical Center,DMart,Mumbai
1,10000000,1 Cr,Malad East,Sethia Infrastructure,,330.0,ready to move,Malad Railway Station (E) Bus Stop,Suvidha,Oberoi Mall,Mumbai
2,10600000,1.06 Cr,Mira Road,Unique Shanti Developers Pvt. Ltd.,,,ready to move,Mira Road Railway Station,Dr Pravin Singh,PVR Cinemas,Mumbai
3,26500000,2.65 Cr,Malad West,ACME GROUP INDIA,,1000.0,ready to move,Malad West Metro Station|5 minutes,Adarsh Hospital,Nataraj Market,Mumbai
2,24000000,2.40 Cr,Mazgaon,Redstone Group,Redstone Saifee Park which is a 16 years old construction,650.0,ready to move,Dockyard Road Railway Station Bus Stop,Prince Aly Khan Hospital,Jio Gallery,Mumbai
2,31000000,3.10 Cr,Sion,Dosti Realty ,,600.0,ready to move,GTB Nagar Monorail Station,Sion Denntal Care,Phoenix Marketcity Mall,Mumbai
2,22500000,2.25 Cr,Ghatkopar East,Adani Realty,,771.0,Aug '26,Ghatkopar Railway Station,Parakh Hospital,"R City, Neelyog Square",Mumbai
2,19500000,1.95 Cr,Dahisar East,Roswalt Realty,,,ready to move,Dahisar Metro Station|5 minutes,Nihs Aroha Hospital,Thakur Mall,Mumbai
2,20000000,2 Cr,675 sqft,Parinee Developers,,,ready to move,Borivali (West) Metro Station|5 minutes,Pulse,N-MORE,Mumbai
4,410000000,41 Cr,Worli,K Raheja Corp,K Raheja Artesia,3200.0,ready to move,Worli Metro Station|5 minutes,Pandit Madan Mohan Malviya Central Hospital,Atria Millennium Mall,Mumbai
3,9200000,92 Lac,Virar,Shapoorji Pallonji Real Estate,,720.0,ready to move,Sakinaka Metro Station,,Big Bazaar,Mumbai
1,13500000,1.35 Cr,Vikhroli West,Rajesh LifeSpaces,,506.0,ready to move,Vikhroli Station Road (W) Bus Stop,Godrej Memorial Hospital,R City Mall,Mumbai
2,18500000,1.85 Cr,Kandivali West,Shree Mangal Projects,Kandivali West,750.0,ready to move,Mahavir Nagar Metro Station|5 minutes,Chirag Mehta Hospital,Charkop Market,Mumbai
2,33000000,3.30 Cr,790 sqft,Sundervan Group,,,ready to move,"Azad Nagar metro station, Mumbai|5 minutes",Bluebell,Navrang Cinema,Mumbai
1,3500000,35 Lac,Virar West,Ekta World,Ekta Parksville,,ready to move,Bolinj Naka Bus Stop,Sahyadri Multcipility Hospital,Phoenix Marketcity Mall,Mumbai
3,36500000,3.65 Cr,Vile Parle West,GM Developers,,,ready to move,Vile Parle (W) or Ashoka Hall Bus Stop,Nanavati,Prime Mall,Mumbai
3,29000000,2.90 Cr,Swastik Park,Pardis Construction LLP,,,ready to move,,Sushrut Hospital,,Mumbai
3,60000000,6 Cr,Byculla,Piramal Realty,Byculla is available at the price of ₹6 Cr,1100.0,ready to move,Maharashtra Mahavidyalaya \u002F Alexandra Cinema Bus Stop,Masina Hospital Trust,,Mumbai
2,27500000,2.75 Cr,Santacruz East,Cooperative Group Housing Society,,650.0,ready to move,Vakola Bridge,Sanjeevani Hospital,Hi- Life Mall,Mumbai
1,7927500,79.3 Lac,Vinay Nagar,JP Infra,,453.0,Dec '28,Mira Road Railway Station,Adcare,,Mumbai
3,33500000,3.35 Cr,Goregaon West,The Wadhwa Group,Goregaon West,1025.0,ready to move,Lower Malad Metro Station|5 minutes,Shiddhart BMC Hospital,InOrbit Mall,Mumbai
2,9313750,93.1 Lac,Ulhasnagar,Paradise Group,,784.0,Dec '26,Vithalwadi Railway Station,Surekha Criticare Hospital,,Mumbai
3,34500000,3.45 Cr,Goregaon West,The Wadhwa Group,Wadhwa Imperial Heights,,ready to move,Lower Malad Metro Station|5 minutes,Kapadia Multi-Speciality Hospital,New Star Bazar,Mumbai
4,65000000,6.50 Cr,Four Bungalows,Adani Realty,a well-connected area of Four Bungalows,1620.0,ready to move,Four Bungalows Bus Stop,Kokilaben Dhirubhai Ambani Hospital,,Mumbai
2,19000000,1.90 Cr,Jogeshwari West,SMGK Group,,752.0,ready to move,Lower Oshiwara Metro Station|5 minutes,Mallika Hospital,Mega Mall,Mumbai
1,3500000,35 Lac,Goregaon East,Royal Palms,Piccadilly Condos,248.0,ready to move,Aarey Metro Station|5 minutes,Vishwakripa Hospital,Oberoi Mall,Mumbai
4,52500000,5.25 Cr,Bandra East,Dheeraj Realty,Bandra East is available for purchase at price of ₹5,2070.0,ready to move,Bandra-Kurla Complex Metro Station|5 minutes,Deodhar Hospital,VN Mall,Mumbai
1,5500000,55 Lac,Mira Road,Ostwal Builders Ltd.,,457.0,ready to move,Mira Road Railway Station,Sai Krupa Hospital,PVR Cinemas,Mumbai
2,19400000,1.94 Cr,Bhandup West,Kalpataru Ltd.,Bhandup West,924.0,ready to move,Mangatram Petrol Pump Bus Stop,Dr. Meena`s Multispeciality Hospital Bhandup,,Mumbai
1,3200000,32 Lac,total 312 sqft,Ekta World,,,ready to move,Chembur Monorail Station,Sankalpa Hospital,Big Bazaar,Mumbai
3,67000000,6.70 Cr,Bandra East,Kalpataru Ltd.,,,ready to move,Bandra-Kurla Complex Metro Station|5 minutes,Dr. Agarwal Children Hospital,VN Mall,Mumbai
2,11000000,1.10 Cr,Kurla East,HDIL,,662.0,ready to move,Kurla Railway Station (Central And Harbour Lines),,,Mumbai
1,8200000,82 Lac,Chembur East,Charisma Builders Ltd.,,396.0,ready to move,,Sushrut Hospital,,Mumbai
1,13000000,1.30 Cr,Wadala,Emgee Group,Wadala,468.0,ready to move,Wadala Bridge Monorail Station,,,Mumbai
1,10500000,1.05 Cr,Bhandup West,Mayuresh Group,,468.0,ready to move,Tank Road Bus Stop,Dr. Meena`s Multispeciality Hospital Bhandup,,Mumbai
2,16900000,1.69 Cr,Chandivali,Raheja Developers Ltd.,Raheja Vihar,648.0,ready to move,Oshiwara Police Station Bus Stop,Nirali,DMart,Mumbai
2,14500000,1.45 Cr,Chembur,Sabari Group,a well-connected area of Chembur,792.0,ready to move,Chembur Railway Station,Surana Sethia Hopsital,Phoenix Marketcity Mall,Mumbai
2,16500000,1.65 Cr,Andheri East,D.S. Kulkarni & Associates,Andheri East is available for purchase at price of ₹1,,ready to move,"Andheri metro station, Mumbai|5 minutes",Carewell Nursing Home,Phoenix Marketcity Mall,Mumbai
3,34500000,3.45 Cr,Raheja Vihar,K Raheja Corp,,1296.0,ready to move,,,,Mumbai
2,6500000,65 Lac,Mira Road,Ravi Group Of Builders And Developers,,738.0,ready to move,Mira Road Railway Station,Bharat Ratna Indira Gandhi Hospital,PVR Cinemas,Mumbai
2,12800000,1.28 Cr,Goregaon East,Sai Group,a well-connected area of Goregaon East,,ready to move,Aarey Metro Station|5 minutes,H B T Trauma Care Municipal Hospital,Oberoi Mall,Mumbai
2,16500000,1.65 Cr,Ghatkopar East,Vesta Developer,,809.0,ready to move,Ghatkopar Railway Station,Parakh Hospital,R Odeon Mall,Mumbai
1,10000000,1 Cr,Malad West,Gurukrupa Group,,445.0,ready to move,Malad West Metro Station|5 minutes,Shah Lifeline Hospital,Nataraj Market,Mumbai
2,22500000,2.25 Cr,Parel,Neha Developer,,,ready to move,Cotton Green Railway Station,Parel Hospital,,Mumbai
1,9000000,90 Lac,Bhandup West,Vakratunda Group,,378.0,ready to move,Tank Road Bus Stop,SAS Hospital,,Mumbai
2,18500000,1.85 Cr,Goregaon West,Sunteck Realty Ltd.,,695.0,ready to move,Lower Malad Metro Station|5 minutes,Kapadia Multispeciality Hospital,InOrbit Mall,Mumbai
3,100000000,10 Cr,Mumbai Central,Kalpataru Ltd.,,1029.0,ready to move,Mumbai Central Railway Station,Jagjivanram Hospital,Orchid City Center Mall,Mumbai
2,19800000,1.98 Cr,Andheri East,Kanakia Spaces Realty Pvt. Ltd.,,507.0,ready to move,"Andheri metro station, Mumbai|5 minutes",Sharada Nursing Home,Akruti One World Mall,Mumbai
2,4100000,41 Lac,Virar West,Shree Shakun Realty Pvt. Ltd.,Shree Shakun Greens which is a 16 years old construction,713.0,ready to move,Chembur Monorail Station,Sankalpa Hospital,Phoenix Marketcity Mall,Mumbai
1,10500000,1.05 Cr,Borivali West,BM GROUP,,396.0,ready to move,Borivali (West) Metro Station|5 minutes,Phoenix Hospitals,D-Victorian Mall,Mumbai
3,35000000,3.50 Cr,Andheri West,Transcon Group,,618.0,,"Azad Nagar metro station, Mumbai|5 minutes",Balasaheb Thakare,Mega Mall,Mumbai
2,15000000,1.50 Cr,Andheri East,The Baya Company,,648.0,ready to move,"Andheri metro station, Mumbai|5 minutes",SevenHills Hospital,Akruti One World Mall,Mumbai
2,21000000,2.10 Cr,Chandivali,Nahar Group,,,ready to move,Oshiwara Police Station Bus Stop,Pranjali Hospital,DMart,Mumbai
2,13000000,1.30 Cr,Goregaon East,Mantri Realty,,468.0,ready to move,Aarey Metro Station|5 minutes,Mamta Nursing Home,"The Hub Mall,",Mumbai
2,14800000,1.48 Cr,Chandivali,Raheja Developers Ltd.,Chandivali,612.0,ready to move,Oshiwara Police Station Bus Stop,Nirali,DMart,Mumbai
2,8500000,85 Lac,Oshiwara,Paradigm Realty,,432.0,,,,Mega Mall,Mumbai
3,23000000,2.30 Cr,Andheri East,Atul Projects,a well-connected area of Andheri East,,ready to move,"Andheri metro station, Mumbai|5 minutes",Ve Care Hospital,Akruti One World Mall,Mumbai
1,3500000,35 Lac,Nalasopara East,Sheth Creators,,,ready to move,,Vijayalaxmi Hospital,Om Plaza Commercial Complex,Mumbai
2,32700000,3.27 Cr,Bhoiwada,L&T Realty,,1077.0,ready to move,,Wadia Hospital,,Mumbai
1,12276630,1.22 Cr,Parel,Zoeb Enterprises,,467.0,,Kalewadi Stop,Indian Cancer Society,,Mumbai
2,10500000,1.05 Cr,Vikhroli East,Puneet Urban Spaces,Vikhroli East,468.0,ready to move,Kannamwar Nagar No.2 Bus Stop,Adi Arogyam Hospital,,Mumbai
1,15500000,1.55 Cr,252 sqft,Hiranandani Group,,,ready to move,Jama Masjid Bus Stop,Powai Hospital,D Mall,Mumbai
3,24000000,2.40 Cr,Andheri West,Ajmera Cityscapes,Andheri West is available for purchase at price of ₹2,1202.0,ready to move,"Azad Nagar metro station, Mumbai|5 minutes",Bluebell,Star Quik,Mumbai
3,3800000,38 Lac,Vasai East,Evershine Builders,Vasai East,612.0,ready to move,Vasai (E) Bus Stop,IASIS HOSPITAL,Bhajanlal Dairy Farm,Mumbai
1,3600000,36 Lac,Mira Road,SB Lifespaces Pvt. Ltd.,Mira Road,421.0,ready to move,Mira Road Railway Station,Manihar Hospital,Sahakari Bhandar,Mumbai
1,4500000,45 Lac,Mira Road,RNA Corp,Mira Road is available for purchase at price of ₹45 Lac,270.0,ready to move,Mira Road Railway Station,Dr Pravin Singh,Sahakari Bhandar,Mumbai
1,11000000,1.10 Cr,Andheri East,HDIL,,432.0,ready to move,"Andheri metro station, Mumbai|5 minutes",Holy Spirit Hospital,Phoenix Marketcity Mall,Mumbai
2,22000000,2.20 Cr,Kanjurmarg East,Aadi Properties,,730.0,ready to move,Bhandup Railway Station,Ankur Hospital,,Mumbai
1,9500000,95 Lac,Mira Road,Kalpataru Properties Thane Pvt ltd,,418.0,ready to move,Mira Road Railway Station,Sai Krupa Hospital,"D Mart, Hatkesh Udhog Nagar",Mumbai
1,7500000,75 Lac,Mulund West,Lok Group,,356.0,ready to move,Mulund Railway Station (W) Bus Stop,Padmashree Endoscopy Center,R Galleria,Mumbai
2,3500000,35 Lac,Virar,Raj Realty Group,Shree Shashwat Virar,,ready to move,Sakinaka Metro Station,,R City Mall,Mumbai
2,31000000,3.10 Cr,Mahim,Kamanwala Housing Construction Ltd.,,738.0,ready to move,Mahim Junction Railway Station,P. D. Hinduja Hospital and Medical Research Centre,Phoenix Marketcity Mall,Mumbai
2,22500000,2.25 Cr,Goregaon West,Ekta World,Goregaon West,850.0,,Lower Malad Metro Station|5 minutes,Siddharth Hospital,New Star Bazar,Mumbai
1,9000000,90 Lac,Goregaon East,Mantri Realty Ltd.,a well-connected area of Goregaon East,,ready to move,Aarey Metro Station|5 minutes,H B T Trauma Care Municipal Hospital,Oberoi Mall,Mumbai
1,3150000,31.5 Lac,500 sqft,Poonam Developers,,,ready to move,Bolinj Naka Bus Stop,Sahyadri Multcipility Hospital,Phoenix Marketcity Mall,Mumbai
2,28500000,2.85 Cr,Worli,Sanghvi Land Developers Pvt. Ltd.,,576.0,ready to move,Worli Metro Station,Shobha Hospital,Atria Millennium Mall,Mumbai
2,8500000,85 Lac,Vasai West,Kaul Builder And  Developer,,720.0,ready to move,,Baxay Prime Multi-Speciality ICU & Hospital,Sahakari Bhandar,Mumbai
1,10500000,1.05 Cr,Kurla West,Cooperative Group Housing Society,Bombay Taximens Chs,360.0,ready to move,Kurla Railway Station,CritiCare Asia Multi Specialty Hospital,Kurla Metro Mall,Mumbai
2,15000000,1.50 Cr,Kandivali West,Rock Development Group,Rock Avenue,655.0,ready to move,Mahavir Nagar Metro Station|5 minutes,Riddhi Vinayak Multispeciality Hospital,La Care Mall,Mumbai
1,6800000,68 Lac,Andheri East,Sunrise Premium Properties Pvt. Ltd.,,220.0,ready to move,"Andheri metro station, Mumbai|5 minutes",Ve Care Hospital,Star Market,Mumbai
1,15000000,1.50 Cr,Vikhroli East,Godrej Constructions,,518.0,ready to move,Kannamwar Nagar No.2 Bus Stop,Adi Arogyam Hospital,,Mumbai
1,4800000,48 Lac,Mira Road,S N Builder,a well-connected area of Mira Road,493.0,ready to move,Mira Road Railway Station,Manihar Hospital,"D Mart, Hatkesh Udhog Nagar",Mumbai
1,2600000,26 Lac,Virar West,HDIL,,385.0,ready to move,Chembur Monorail Station,Sankalpa Hospital,Phoenix Marketcity Mall,Mumbai
3,10500000,1.05 Cr,Kandivali East,Jaydeep Group,Kandivali East is available at the price of ₹1,890.0,ready to move,Poisar Metro Station|5 minutes,ESIC Hospital,Thakur Mall Kandivali East,Mumbai
1,8200000,82 Lac,Kurla East,HOUSING DEVELOPMENT AND INFRASTRUCTURE LTD,,468.0,ready to move,Kurla Railway Station (Central And Harbour Lines),,,Mumbai
1,6500000,65 Lac,Andheri East,Prathemesh Construction Co. Pvt. Ltd.,Shubham which is a 18 years old construction,216.0,ready to move,"Andheri metro station, Mumbai|5 minutes",Carewell Nursing Home,Akruti One World Mall,Mumbai
1,3000000,30 Lac,Vasai West,Shree Sai Bhoomi Group,Sai Heights which is a 14 years old construction,,ready to move,,Baxay Prime Multi-Speciality ICU & Hospital,Sahakari Bhandar,Mumbai
1,12000000,1.20 Cr,Antop Hill,Cooperative Group Housing Society,Antop Hill,420.0,ready to move,,Galaxy Multispecialty Hospital,,Mumbai
1,12700000,1.27 Cr,Chembur East,Aayush Developers,a well-connected area of Chembur East,,may '27,,Sushrut Hospital,,Mumbai
1,5400000,54 Lac,Kandivali West,Gabadia Developers,,,ready to move,Mahavir Nagar Metro Station|5 minutes,Sakuntala Nursing Home,Sunrays Shopping Center,Mumbai
2,9500000,95 Lac,Andheri East,Hubtown Ltd.,,,,"Andheri metro station, Mumbai|5 minutes",DR. F. F. Pardiwala,Phoenix Marketcity Mall,Mumbai
2,17100000,1.71 Cr,Mulund East,Gagangiri Group,Gagangiri Elanza which is a 9 years old construction,,,Mulund (E) Bus Stop,Ashirvad Criticare Multispeciality Hospital,A - Mart Super Market,Mumbai
1,5800000,58 Lac,Bhandup West,SHRADDHA LANDMARK PVT. LTD,,,,Mangatram Petrol Pump Bus Stop,A.P.S. Multi-speciality Hospital and ICCU (Central),,Mumbai
2,16900000,1.69 Cr,Marol,Crescent Group,Crescent Landmark,,ready to move,Marol Naka Metro Station|5 minutes,Chiranjeevi Hospital,Phoenix Marketcity Mall,Mumbai
1,4199000,42 Lac,Vinay Nagar,JP Infra,Vinay Nagar is available for purchase at price of ₹42 Lac,,,Mira Road Railway Station,Adcare,,Mumbai
1,8800000,88 Lac,Goregaon West,Asshna Developers,,,,Lower Malad Metro Station|5 minutes,Prarthana Hospital and ICU,New Star Bazar,Mumbai
4,66000000,6.60 Cr,Worli,Runwal Group,,,ready to move,Worli Metro Station|5 minutes,Peoples Mobile Hospital,BIg Bazaar,Mumbai
1,12000000,1.20 Cr,Powai,Hiranandani Group,Powai is available at the price of ₹1,,ready to move,Kensington Sez-1 Bus Stop,Dr. L H. Hiranandani Hospital,Empire Plaza,Mumbai
1,2730000,27.3 Lac,Vasai East,Shantee Housing,,,,Vasai (E) Bus Stop,Platinum Hospital Vasai,Bhajanlal Dairy Farm,Mumbai
1,9400000,94 Lac,Kandivali East,Crescent Group,Crescent Horizon,,,Poisar Metro Station|5 minutes,City Multispeciality Hospital,Thakur Mall Kandivali East,Mumbai
3,35000000,3.50 Cr,Andheri East,Oberoi Realty Ltd.,,,,"Andheri metro station, Mumbai|5 minutes",Ve Care Hospital,Metro Mart NX,Mumbai
3,34266570,3.42 Cr,Andheri East,Oberoi Realty Ltd.,,,,"Andheri metro station, Mumbai|5 minutes",DR. F. F. Pardiwala,Phoenix Marketcity Mall,Mumbai
1,10200000,1.02 Cr,Kandivali East,Sheth Creators Pvt. Ltd.,,,ready to move,Poisar Metro Station|5 minutes,Shreeji Hospital,Thakur Mall Kandivali East,Mumbai
3,60000000,6 Cr,JVPD Scheme,Birla Estates Private Limited,,1037.0,ready to move,,Hinduhrudaysamrat Balasaheb Thackeray BMC Hospital,Dynamix Mall,Mumbai
1,11700000,1.17 Cr,Mahim,Rizvi Builders,,234.0,ready to move,Mahim Junction Railway Station,P. D. Hinduja Hospital and Medical Research Centre,Phoenix Marketcity Mall,Mumbai
2,19700000,1.97 Cr,Chembur,Safal Group,,,ready to move,Dr. Ambedkar Udyaan \u002F Chembur Railway Station Bus Stop,Joy Hospital,R City Mallphoenix Marketcity,Mumbai
1,13000000,1.30 Cr,Mahavir Nagar Kandivali West,Dynamix Group,,,ready to move,,United Multispeciality Hospital,,Mumbai
2,25000000,2.50 Cr,Ghatkopar West,Ashford Group,,,ready to move,Ghatkopar Metro Station|5 minutes,Sapana Health Care Centre,R City Mall,Mumbai
1,5000000,50 Lac,Mira Road East,Seven Eleven Group,,401.0,ready to move,Palghar Railway Station,"Wockhardt Hospital, Mira Road",Kuber Shopping Centre,Mumbai
1,12500000,1.25 Cr,550 sqft,Hiranandani Group,,,ready to move,Kensington Sez-1 Bus Stop,Nihal Nursing,D Mall,Mumbai
1,11000000,1.10 Cr,Motilal Nagar 2,Sethia Infrastructure,,468.0,ready to move,,,,Mumbai
1,12000000,1.20 Cr,Matunga East,Reliable Group,Matunga East,274.0,,Matunga Railway Station (E) Bus Stop,Hinduja Hospital, Raghuleela Mega Mall,Mumbai
2,6500000,65 Lac,Hatkesh Udhog Nagar,Rashmi Housing Pvt. Ltd.,,,ready to move,Mira Road Railway Station,Adcare,,Mumbai
1,3600000,36 Lac,Vasai West,DBR Constructions Pvt. Ltd.,a well-connected area of Vasai West,,ready to move,,YOGYAM Multi-Speciality Hospital,Sahakari Bhandar,Mumbai
1,4200000,42 Lac,Virar East,DGS Group,,,ready to move,Railway Station,Rani Shankar Hospital,Om Arcade,Mumbai
2,15500000,1.55 Cr,Shell Colony,MM Group,Mm Spectra,,ready to move,Tilak Nagar Railway Station (Harbour Line),SRV Hospitals - Chembur,Phoenix Marketcity Mall,Mumbai
2,18500000,1.85 Cr,Chembur,MM Group,,,ready to move,Tilak Nagar Railway Station (Harbour Line),Surana Sethia Hospital,Phoenix Marketcity Mall,Mumbai
1,5000000,50 Lac,Kurla East,Ruparel Realty,a well-connected area of Kurla East,252.0,ready to move,Kurla Railway Station (Central And Harbour Lines),,,Mumbai
2,30000000,3 Cr,590 sqft,Sugee,,,ready to move,,Sunrise Oncology Centre,R City Mall,Mumbai
3,30000000,3 Cr,Shanti Nagar Andheri East,Atul Projects,,849.0,ready to move,,,,Mumbai
1,13000000,1.30 Cr,Jogeshwari West,SMGK Group,Jogeshwari West,,ready to move,Lower Oshiwara Metro Station|5 minutes,Mother Care Hospital, R Odeon Mall,Mumbai
1,3700000,37 Lac,Virar,Kalash Developers,,535.0,ready to move,Sakinaka Metro Station,,Phoenix Marketcity Mall,Mumbai
2,19500000,1.95 Cr,Malad East,Madhav Reality,,700.0,ready to move,Malad Railway Station (E) Bus Stop,Suvidha,Infiniti Mall,Mumbai
1,10400000,1.04 Cr,Mira Bhayandar,Annapurna Properties,,362.0,ready to move,T.M.T Bus Stop,Sai Krupa Hospital,Star Market,Mumbai
1,6000000,60 Lac,Vasai West,Kaul Builder And  Developer,Kaul Heritage City,480.0,ready to move,,Janseva Hospital,Sahakari Bhandar,Mumbai
1,15100000,1.51 Cr,Fort,Aplite Group,,,ready to move,Chhatrapati Shivaji Maharaj Terminus(CSMT) Bus Stop,Ent Hospital,Crawford market,Mumbai
3,42500000,4.25 Cr,Powai,Supreme Universal,,,ready to move,Kensington Society Bus Stop,Dr L H Hiranandani Hospital,Empire Plaza,Mumbai
2,13500000,1.35 Cr,Dahisar East,V K Associates,Dahisar East is available at the price of ₹1,,ready to move,Dahisar Metro Station|5 minutes,Sukhda Heart and Women Care,Orchid Ozone Mall,Mumbai
2,15500000,1.55 Cr,Kurla East,Ayodhya Constructions Co.,,563.0,ready to move,Kurla Railway Station (Central And Harbour Lines),,,Mumbai
2,14000000,1.40 Cr,Juhu,Vitthal Patel,Juhu is available at the price of ₹1,592.0,ready to move,Juhu Beach Bus Stop,Baratiya Arogy Nidhi,Tulip Arcade Mall,Mumbai
2,16800000,1.68 Cr,Kandivali East,SD Corporation Pvt. Ltd.,,,ready to move,Poisar Metro Station|5 minutes,Apex Hospital,Thakur Mall Kandivali East,Mumbai
2,20500000,2.05 Cr,Kanjurmarg East,Runwal Enterprises,,,ready to move,Bhandup Railway Station,Ankur Hospital,,Mumbai
2,16000000,1.60 Cr,Mulund West,Runwal Group,,629.0,ready to move,Mulund Depot Bus Stop,Padmashree Nursing Home,R-Mall,Mumbai
2,39000000,3.90 Cr,Parel,L&T Realty,,850.0,ready to move,Sewree Naka Bus Stop,P.D. Hinduja Hospital,,Mumbai
1,8900000,89 Lac,448 sqft,Gurukrupa Group,Kandivali West is available at the price of ₹89 Lac,,ready to move,Mahavir Nagar Metro Station|5 minutes,Nidhi Nursing Home,Raghuleela Mall,Mumbai
1,12000000,1.20 Cr,Goregaon West,Goregaon Electrical Industries LLP,,420.0,Dec '26,Lower Malad Metro Station|5 minutes,Suvidha Hospital & Polyclinic,Vijay Sales,Mumbai
3,27000000,2.70 Cr,Upper Govind Nagar,Atul Projects,Upper Govind Nagar,847.0,ready to move,,,,Mumbai
2,15500000,1.55 Cr,Kandarpada,Pastonji Group of Companies,,,Jul '26,Kandarpada Metro Station,Snehanjay Multi Speciality Hospital,Thakur Mall Kandivali,Mumbai
3,38000000,3.80 Cr,Kandivali East,Lodha Developers Limited,,1121.0,ready to move,Poisar Metro Station|5 minutes,City Multispeciality Hospital,Thakur Mall Kandivali East,Mumbai
1,7300000,73 Lac,Mira Road,PNK Group,,322.0,ready to move,Mira Road Railway Station,Bhakti Vedant Hospital,Sahakari Bhandar,Mumbai
2,12000000,1.20 Cr,Vikhroli East,GS Group,,650.0,ready to move,Kannamwar Nagar No.2 Bus Stop,Adi Arogyam Suman Ramesh Tulsiani Hospital,,Mumbai
2,14000000,1.40 Cr,total 644 sqft,Neelyog Builders Pvt. Ltd.,Ghatkopar West is available at the price of ₹1,,ready to move,Ghatkopar Metro Station|5 minutes,Dr Praful Lokhande?s Shantiniketan Hospital,INOX- R City,Mumbai
4,55000000,5.50 Cr,Tarun Bharat Society,Dipti Spaces,Dipti Aryavarta,1400.0,ready to move,,,,Mumbai
2,13350000,1.33 Cr,Amar Nagar,Siddhi Developers,Amar Nagar is available for purchase at price of ₹1,,ready to move,,Padmashree Endoscopy Center,,Mumbai
1,6000000,60 Lac,Mira Road,DB Realty Pvt. Ltd.,,413.0,ready to move,Mira Road Railway Station,Bharat Ratna Indira Gandhi Hospital,"D Mart, Hatkesh Udhog Nagar",Mumbai
1,3220000,32.2 Lac,Virar West,Shree Shashwat Global City,Shree Shashwat Global City,472.0,ready to move,Bolinj Naka Bus Stop,Sahyadri Multcipility Hospital,Big Bazaar,Mumbai
2,18500000,1.85 Cr,Ghatkopar West,The Wadhwa Group,Ghatkopar West is available for purchase at price of ₹1,,ready to move,Ghatkopar Metro Station|5 minutes,Sapana Health Care Centre,INOX- R City,Mumbai
4,130000000,13 Cr,Powai,L&T Realty,,,ready to move,Kensington Sez-1 Bus Stop,Dr. Babasaheb Ambedkar BMC Hospital,D Mall,Mumbai
2,20000000,2 Cr,Ghatkopar West,Runwal Group,,882.0,ready to move,Ghatkopar Metro Station|5 minutes,Sapana Health Care Centre,INOX- R City,Mumbai
1,2575000,25.8 Lac,Vasai East,Shantee Homes Realty LLP,Sunshine Hills,439.0,ready to move,Vasai Bus Stop,IASIS HOSPITAL,Bhajanlal Dairy Farm,Mumbai
1,3000000,30 Lac,Vasai,Shantee Homes Realty LLP,,,ready to move,,YOGYAM Multi-Speciality Hospital,Bhajanlal Dairy Farm,Mumbai
1,9500000,95 Lac,Borivali East,Morya Infrastructure Pvt. Ltd.,Borivali East is available for purchase at price of ₹95 Lac,446.0,ready to move,Magathane Metro Station,Ashtavinayak Hospital,The Zone Mall,Mumbai
3,19400000,1.94 Cr,Bhandup West,Cooperative Group Housing Society,,922.0,ready to move,Nahur Station (E) Bus Stop,Dr. Meena`s Multispeciality Hospital Bhandup,,Mumbai
4,70000000,7 Cr,Andheri West,Adani Realty,,1584.0,ready to move,"Azad Nagar metro station, Mumbai|5 minutes",Bluebell,Star Quik,Mumbai
3,31500000,3.15 Cr,Goregaon East,Jyoti Builders,,,ready to move,Aarey Metro Station|5 minutes,Hira Surgical,"The Hub Mall,",Mumbai
2,21000000,2.10 Cr,Andheri West,RNA NG Builders,,576.0,ready to move,"Azad Nagar metro station, Mumbai|5 minutes",Nakshatra Multispeciality Hospital,Navrang Cinema,Mumbai
4,89500000,8.95 Cr,Powai,Lake Homes,Lake Superior which is a 22 years old construction,3377.0,ready to move,Kensington Sez-1 Bus Stop,Dr L H Hiranandani Hospital,DMart,Mumbai
3,42500000,4.25 Cr,Gokuldham,DB Realty Pvt. Ltd.,,1368.0,ready to move,,,,Mumbai
2,26000000,2.60 Cr,Andheri West,DLH Developers,,,ready to move,"Azad Nagar metro station, Mumbai|5 minutes",Belle-Vue Multi-Speciality Hospital,Citi Mall,Mumbai
3,69500000,6.95 Cr,Lower Parel,India Bulls Real Estate Ltd..,,,ready to move,Lower Parel Metro Station|5 minutes,Siddhachal Hospitals,FBB-MUMBAI-PHOENIX MILL-LOWER PAREL,Mumbai
1,11600000,1.16 Cr,436 sqft,Ravi Group,Kandivali West is available at the price of ₹1,,ready to move,Mahavir Nagar Metro Station|5 minutes,Chirag Mehta Hospital,Samruddhi Shopping Centre,Mumbai
1,2700000,27 Lac,Vasai East,Evershine Builders,,302.0,ready to move,Vasai (E) Bus Stop,Platinum Hospital Vasai,Bhajanlal Dairy Farm,Mumbai
1,3300000,33 Lac,Vasai,Evershine Builders,,349.0,ready to move,,Janseva Hospital,Viva Swastik Mall,Mumbai
2,26900000,2.69 Cr,Andheri West,HDIL,,,ready to move,"Azad Nagar metro station, Mumbai|5 minutes",Kokilaben Dhirubhai Ambani Hospital,Pvr - Citi Mall,Mumbai
2,16500000,1.65 Cr,Andheri West,Platinum Corp,,576.0,ready to move,"Azad Nagar metro station, Mumbai|5 minutes",Bluebell,Crystal Point Mall,Mumbai
2,31000000,3.10 Cr,Parel,TATA Housing Development Company Ltd.,,612.0,ready to move,Parel Village Bus Stop,Wadia Hospital,,Mumbai
2,12500000,1.25 Cr,Bhandup West,Mayuresh Group,Bhandup West is available for purchase at price of ₹1,592.0,ready to move,Jangal Mangal Road,A.P.S. Multi-speciality Hospital and ICCU (Central),,Mumbai
1,8800000,88 Lac,Chembur,Charisma Builders Ltd.,,375.0,ready to move,Chembur Camp Bus Stop,Joy Hospital,K Star Mall,Mumbai
1,9500000,95 Lac,Kurla West,HDIL,Kurla West is available for purchase at price of ₹95 Lac,482.0,ready to move,Kurla Station (W) Bus Stop,CritiCare Asia Multi Specialty Hospital,DMart miniMAX,Mumbai
1,12000000,1.20 Cr,Wadala East,Emgee Group,,361.0,ready to move,Wadala Bridge Monorail Station,,,Mumbai
5,290000000,29 Cr,Lower Parel,Avigna Properties Private Limited,,5256.0,ready to move,Lower Parel Metro Station|5 minutes,Gopikrishna Piramal Memorial Hospital,FBB-MUMBAI-PHOENIX MILL-LOWER PAREL,Mumbai
3,42500000,4.25 Cr,Sumer Nagar,Sarah Group of Companies,,,ready to move,,Arihant and BHC Hospital,,Mumbai
2,24000000,2.40 Cr,total 710 sqft,Swaroop Residency,,,ready to move,,,,Mumbai
3,30000000,3 Cr,Powai,Raheja Developers Ltd.,,1080.0,ready to move,Hiranandani Powai Bus Station Bus Stop,Dr L H Hiranandani Hospital,DMart,Mumbai
1,9200000,92 Lac,Chandivali,Raheja Developers Ltd.,,,ready to move,Oshiwara Police Station Bus Stop,Nahar Medical Center,DMart,Mumbai
3,19700000,1.97 Cr,Thakur Village,RNA NG Builders,,896.0,ready to move,,Satya Specialist Hospital,Reliance Mall Borivali,Mumbai
2,14000000,1.40 Cr,Kandivali East,RNA NG Builders,,713.0,ready to move,Poisar Metro Station|5 minutes,Apex Hospital,Star Bazaar,Mumbai
2,13800000,1.38 Cr,Thakur Village,RNA NG Builders,,756.0,ready to move,,Satya Specialist Hospital,Growels 101,Mumbai
3,32500000,3.25 Cr,Malad East,Omkar Realtors and Developers Pvt. Ltd.,,1210.0,ready to move,Malad Railway Station (E) Bus Stop,S.K. Patil Mahanagarpalika General Hospital,Eastern Mall,Mumbai
2,31000000,3.10 Cr,Wadala,Ajmera Realty,,907.0,ready to move,Naigaon (W) Bus Stop,,,Mumbai
2,34500000,3.45 Cr,Wadala,Ajmera Group,,1066.0,ready to move,Naigaon (W) Bus Stop,,,Mumbai
2,28000000,2.80 Cr,900 sqft,Omkar Realtors and Developers Pvt. Ltd.,,,ready to move,Sewree Naka Bus Stop,Santhashree Shantram Foundation Rajkamal Kalamandir Hospital,,Mumbai
2,22000000,2.20 Cr,Andheri West,Acme Group,,,ready to move,"Azad Nagar metro station, Mumbai|5 minutes",Criticare Hospital,Citi Mall,Mumbai
3,33000000,3.30 Cr,Best Nagar Goregaon West,Bhattad Group,,1224.0,ready to move,,Kapadia Multi-Speciality Hospital,,Mumbai
2,4000000,40 Lac,Virar West,Bhoomi Properties,,673.0,ready to move,Bolinj Naka Bus Stop,Sankalpa Hospital,Phoenix Marketcity Mall,Mumbai
3,36000000,3.60 Cr,Kandivali East,Kanakia Spaces Realty Pvt. Ltd.,,1224.0,ready to move,Poisar Metro Station|5 minutes,Apex Hospital,Reliance Mall Borivali,Mumbai
3,47500000,4.75 Cr,Andheri West,Samarth Development Corporation,,,ready to move,"Azad Nagar metro station, Mumbai|5 minutes",Kokilaben Dhirubhai Ambani Hospital,G7 Mall,Mumbai
2,12000000,1.20 Cr,Mira Road,SKD Realty LLP,a well-connected area of Mira Road,713.0,ready to move,Mira Road Railway Station,Dr Pravin Singh,"D Mart, Hatkesh Udhog Nagar",Mumbai
2,15000000,1.50 Cr,Goregaon East,Ashish Estates & Properties,Goregaon East,,ready to move,Aarey Metro Station|5 minutes,Vishwakripa Hospital,Orchard Road Mall,Mumbai
2,28000000,2.80 Cr,Chakala,Hillsboro Realty,Chakala is available at the price of ₹2,775.0,ready to move,Andheri (E) Bisleri Factory Bus Stop,Esic Hospital,Phoenix Marketcity Mall,Mumbai
4,73000000,7.30 Cr,Andheri West,K Raheja Corp,,,ready to move,"Azad Nagar metro station, Mumbai|5 minutes",Kokilaben Dhirubhai Ambani Hospital,Crystal Point Mall,Mumbai
2,19900000,1.99 Cr,Goregaon East,Raheja Universal (Pvt.) Ltd.,,749.0,ready to move,Aarey Metro Station|5 minutes,Hira Surgical,"The Hub Mall,",Mumbai
3,32000000,3.20 Cr,Chandivali,Nahar Group,,1066.0,ready to move,Oshiwara Police Station Bus Stop,Nirali,DMart,Mumbai
2,16000000,1.60 Cr,Malad West,Bhoomi Properties,,,ready to move,Malad West Metro Station|5 minutes,Shah Lifeline Multispeciality Hospital,Fbb,Mumbai
3,33000000,3.30 Cr,Mahavir Nagar Kandivali West,Dynamix Group,,828.0,ready to move,,United Multispeciality Hospital,,Mumbai
2,19500000,1.95 Cr,598 sqft,Raheja Universal Pvt. Ltd.,,,ready to move,Poisar Metro Station|5 minutes,Shreeji Hospital,Thakur Mall Kandivali East,Mumbai
2,14900000,1.49 Cr,Goregaon East,Sai Group,Goregaon East is available for purchase at price of ₹1,590.0,ready to move,Aarey Metro Station|5 minutes,Hira Surgical,"The Hub Mall,",Mumbai
2,7500000,75 Lac,Goregaon East,Royal Palms,,,ready to move,Aarey Metro Station|5 minutes,H B T Trauma Care Municipal Hospital,Oberoi Mall,Mumbai
2,25000000,2.50 Cr,Malad West,Sheth Creators Pvt. Ltd.,,922.0,ready to move,Malad West Metro Station|5 minutes,Shah Lifeline Hospital,Hypercity Retail India Limited Head Office,Mumbai
1,10500000,1.05 Cr,Malad West,Gurukrupa Group,,468.0,ready to move,Malad West Metro Station|5 minutes,Shah Lifeline Multispeciality Hospital,Hypercity Retail India Limited Head Office,Mumbai
2,15800000,1.58 Cr,Thakur Village,Kanakia Spaces Realty Pvt. Ltd.,,558.0,ready to move,,Satya Specialist Hospital,Growels 101,Mumbai
3,35000000,3.50 Cr,Chembur,Cooperative Group Housing Society,,,ready to move,Tilak Nagar Railway Station (Harbour Line),Kolekar Hospital,K Stars Mall,Mumbai
3,37500000,3.75 Cr,Chembur,Cooperative Group Housing Society,,1332.0,ready to move,Vashi Naka,Surana Sethia Hospital,Cubic Mall,Mumbai
1,7575000,75.8 Lac,Mira Road,Unique Shanti Developers Pvt. Ltd.,Mira Road is available for purchase at price of ₹75,562.0,ready to move,Mira Road Railway Station,Bharat Ratna Indira Gandhi Hospital,PVR Cinemas,Mumbai
1,10000000,1 Cr,Kandivali West,Ruparel Realty,Kandivali West is available for purchase at price of ₹1 Cr,486.0,ready to move,Mahavir Nagar Metro Station|5 minutes,Chavan Hospital,Sunrays Shopping Center,Mumbai
2,11000000,1.10 Cr,Goregaon East,Sankalp Realty,,,ready to move,Aarey Metro Station|5 minutes,H B T Trauma Care Municipal Hospital,"The Hub Mall,",Mumbai
3,15950000,1.59 Cr,Charkop Sector 9,Shree Developers,Charkop Sector 9 is available for purchase at price of ₹1,,ready to move,,Shlokam Healthcare,,Mumbai
1,3300000,33 Lac,Goregaon East,Royal Palms,a well-connected area of Goregaon East,234.0,ready to move,Aarey Metro Station|5 minutes,Vishwakripa Hospital,Orchard Road Mall,Mumbai
1,9975000,99.8 Lac,Goregaon East,Aakar Developers,Goregaon East is available for purchase at price of ₹99,504.0,ready to move,Aarey Metro Station|5 minutes,H B T Trauma Care Municipal Hospital,"The Hub Mall,",Mumbai
2,8000000,80 Lac,Malad West,Mahada Developer,,662.0,ready to move,Malad West Metro Station|5 minutes,Shah Lifeline Hospital,Hypercity Retail India Limited Head Office,Mumbai
4,105000000,10.50 Cr,Dadar West,Suvidha Projects,,2016.0,ready to move,Dadar Metro Station|5 minutes,Bmc Hospital,Star Mall,Mumbai
2,16800000,1.68 Cr,Chandivali,Nahar Group,Nahar Orchid Enclave,583.0,ready to move,Oshiwara Police Station Bus Stop,Nahar Medical Center,DMart,Mumbai
1,2099000,21 Lac,Nalasopara,Morya Developers,Shree Shivam Sankul Township,309.0,ready to move,Tulinj Police Station Bus Stop,Dr Yadav Hospital Vinavaka Hospital,Sahakari Bhandar,Mumbai
3,60000000,6 Cr,Mumbai Central,Nathani Supariwala Realty,Nathani Heights,1728.0,ready to move,Mumbai Central Railway Station,"Wockhardt Hospitals, Mumbai Central",Orchid City Center Mall,Mumbai
3,130000000,13 Cr,Juhu,Oberoi Realty Ltd.,,,ready to move,Juhu Beach Bus Stop,Sujay Hospital,Silver Beach Cafe,Mumbai
3,55000000,5.50 Cr,Santacruz West,Lido Developers,,1224.0,ready to move,Santacruz Police Station \u002F V.P. Road Bus Stop,Surya Hospital,Hi Life Mall,Mumbai
2,18500000,1.85 Cr,Andheri East,Runwal Group,Andheri East is available for purchase at price of ₹1,,ready to move,"Andheri metro station, Mumbai|5 minutes",Ve Care Hospital,Akruti One World Mall,Mumbai
1,11500000,1.15 Cr,Bhandup West,Sharada Group,Bhandup West is available for purchase at price of ₹1,468.0,ready to move,Devepada Police Station Bus Stop,Badwik Hospital,,Mumbai
2,14500000,1.45 Cr,Kandivali East,Damji Hari Constructions,a well-connected area of Kandivali East,,ready to move,Poisar Metro Station|5 minutes,Apex Hospital,Thakur Mall Kandivali East,Mumbai
1,16000000,1.60 Cr,547 sqft,Pioneer Group,,,ready to move,Santacruz Police Station \u002F V.P. Road Bus Stop,Surya Multispeciality Hospital,Rare Earth,Mumbai
1,22000000,2.20 Cr,Santacruz West,RNA Saranga,Santacruz West is available at the price of ₹2,432.0,ready to move,Santacruz Police Station \u002F V.P. Road Bus Stop,Surya Multispeciality Hospital,Hi Life Mall,Mumbai
1,4200000,42 Lac,Vasai East,Shiv Shakti Corporation,,,ready to move,Vasai Bus Stop,IASIS HOSPITAL,Bhajanlal Dairy Farm,Mumbai
2,15000000,1.50 Cr,Mira Road,Delta Realty,,,ready to move,Mira Road Railway Station,Dr Pravin Singh,"D Mart, Hatkesh Udhog Nagar",Mumbai
1,10500000,1.05 Cr,Kandivali West,Gauri Land Developers LLP,,,,Mahavir Nagar Metro Station|5 minutes,RMS Hospital,Charkop Market,Mumbai
2,20000000,2 Cr,Kandivali West,Gauri Land Developers LLP,Gauri Excellency,,ready to move,Mahavir Nagar Metro Station|5 minutes,Swapneel Hospital,La Care Mall,Mumbai
1,7500000,75 Lac,Malad West,Libra Group,,317.0,ready to move,Malad West Metro Station|5 minutes,Prem Kitchen And Bar,Phoenix Marketcity Mall,Mumbai
1,13500000,1.35 Cr,Mazgaon,Ahemat Develper,,468.0,ready to move,Dockyard Road Railway Station Bus Stop,Prince Aly Khan Hospital,Highstreet Phoenix,Mumbai
1,12100000,1.21 Cr,Borivali West,Chheda Group,Borivali West is available for purchase at price of ₹1,432.0,ready to move,Borivali (West) Metro Station|5 minutes,Niramay Hosital,Maxus Cinemas,Mumbai
1,7500000,75 Lac,Mira Road,Strawberry Construction,,533.0,ready to move,Mira Road Railway Station,Sai Krupa Hospital,Sahakari Bhandar,Mumbai
1,8000000,80 Lac,Chembur,Cooperative Group Housing Society,,428.0,ready to move,Chembur Railway Station,Jai Hind Hospital,K Stars Mall,Mumbai
3,57500000,5.75 Cr,Andheri West,Transcon Group,,1296.0,ready to move,"Azad Nagar metro station, Mumbai|5 minutes",Bluebell,Infiniti Mall,Mumbai
1,6400000,64 Lac,Malad West,Sadhu & Development of group,Malad West is available for purchase at price of ₹64 Lac,,ready to move,Malad West Metro Station|5 minutes,Sun Hospital,Fbb,Mumbai
2,15500000,1.55 Cr,Chembur,Veena Developers,a well-connected area of Chembur,731.0,ready to move,Ashok Nagar Bus Stop,Mangal Anand Hospital,K Star Mall,Mumbai
1,13000000,1.30 Cr,Kandivali West,Nisarg Developer,Kandivali West,468.0,ready to move,Mahavir Nagar Metro Station|5 minutes,RMS Hospital,Samruddhi Shopping Centre,Mumbai
2,44500000,4.45 Cr,Parel,Lodha Developers Limited,,989.0,ready to move,Sewree Naka Bus Stop,Parel Hospital,,Mumbai
1,8500000,85 Lac,Goregaon East,Mantri Realty,,540.0,ready to move,Aarey Metro Station|5 minutes,Sunita Multi-Speciality Hospital,Orchard Road Mall,Mumbai
2,16800000,1.68 Cr,Powai,Raheja Developers Ltd.,a well-connected area of Powai,706.0,ready to move,Kensington Society Bus Stop,Dhanvantari,DMart,Mumbai
5,42000000,4.20 Cr,Mulund East,Gagangiri Group,Mulund East is available at the price of ₹4,,ready to move,Mulund (E) Bus Stop,Ashirvad Criticare Multispeciality Hospital,A - Mart Super Market,Mumbai
2,4300000,43 Lac,Virar West,Ekta World,,648.0,ready to move,Chembur Monorail Station,Sahyadri Multcipility Hospital,Phoenix Marketcity Mall,Mumbai
